report_date,client_id,target,col2059,col2060,col2061,col2062,col2063,col2064,col2068,col2069,col2070,col2080,col2081,col2082,col2087,col2088,col2093,col2094,col2108,col2109,col2110,col2111,col2112,col2116,col2117,col2118,col2132,col2133,col2134,col2135,col2136,col2140,col2141,col2142,col2155,col2156,col2157,col2158,col2159,col2160,col2164,col2165,col2166,col2298,col2299,col2300,col2301,col2302,col2303,col2304,col2305,col2306,col2307,col2346,col2347,col2348,col2349,col2350,col2351,col2352,col2353,col2354,col2355,col2356,col2357,col2358,col2359,col2360,col2364,col2365,col2366,col2373,col2374,col2375,col2376,col2377,col2378,col2379,col2380,col2381,col2382,col2383,col2384,col2388,col2390,col2397,col2398,col2399,col2400,col2401,col2402,col2403,col2404,col2405,col2406,col2407,col2408,col2412,col2413,col2414,col2421,col2422,col2423,col2424,col2425,col2426,col2427,col2428,col2429,col2430,col2431,col2432,col2436,col2437,col2438,col2442,col2443,col2444,col2445,col2446,col2447,col2448,col2450,col2552,col2554,col2558,col2606,col2607,col2608,col2612,col2613,col2614
2022-09-01,354,0,2.0,2.0,2.0,2.0,2.0,2.0,2.0,2.0,2.0,52.67,52.67,52.67,52.67,52.67,52.67,52.67,28.39,28.39,28.39,28.39,28.39,28.39,28.39,28.39,11.72,11.72,11.72,11.72,11.72,11.72,11.72,11.72,1.55,1.55,1.55,1.55,1.55,1.55,1.55,1.55,1.55,174829.0,174829.0,174829.0,174829.0,174829.0,174829.0,174829.0,174829.0,174829.0,174829.0,2.0,2.0,2.0,2.0,2.0,2.0,2.0,2.0,2.0,2.0,2.0,2.0,2.0,2.0,2.0,2.0,2.0,2.0,52.67,52.67,52.67,52.67,52.67,52.67,52.67,52.67,52.67,52.67,52.67,52.67,52.67,52.67,28.39,28.39,28.39,28.39,28.39,28.39,28.39,28.39,28.39,28.39,28.39,28.39,28.39,28.39,28.39,11.72,11.72,11.72,11.72,11.72,11.72,11.72,11.72,11.72,11.72,11.72,11.72,11.72,11.72,11.72,1.55,1.55,1.55,1.55,1.55,1.55,1.55,1.55,9598200.0,9598200.0,9598200.0,9501000.0,9501000.0,9501000.0,9501000.0,9501000.0,9501000.0
2022-04-01,373,0,1.0,1.0,1.0,1.0,1.0,1.0,1.0,1.0,1.0,21.63,21.63,21.63,21.63,21.63,21.63,21.63,10.38,10.38,10.38,10.38,10.38,10.38,10.38,10.38,5.07,5.07,5.07,5.07,5.07,5.07,5.07,5.07,0.73,0.73,0.73,0.73,0.73,0.73,0.73,0.73,0.73,197295.0,197295.0,197295.0,197295.0,197295.0,197295.0,197295.0,197295.0,197295.0,197295.0,1.0,1.0,1.0,1.0,1.0,1.0,1.0,1.0,1.0,1.0,1.0,1.0,1.0,1.0,1.0,1.0,1.0,1.0,21.63,21.63,21.63,21.63,21.63,21.63,21.63,21.63,21.63,21.63,21.63,21.63,21.63,21.63,10.38,10.38,10.38,10.38,10.38,10.38,10.38,10.38,10.38,10.38,10.38,10.38,10.38,10.38,10.38,5.07,5.07,5.07,5.07,5.07,5.07,5.07,5.07,5.07,5.07,5.07,5.07,5.07,5.07,5.07,0.73,0.73,0.73,0.73,0.73,0.73,0.73,0.73,2591820.0,2591820.0,2591820.0,2360000.0,2360000.0,2360000.0,2360000.0,2360000.0,2360000.0
2022-10-01,471,0,1.0,1.0,1.0,1.0,1.0,1.0,1.0,1.0,1.0,22.04,22.04,22.04,22.04,22.04,22.04,22.04,9.02,9.02,9.02,9.02,9.02,9.02,9.02,9.02,5.27,5.27,5.27,5.27,5.27,5.27,5.27,5.27,1.6,1.6,1.6,1.6,1.6,1.6,1.6,1.6,1.6,256015.0,256015.0,256015.0,256015.0,256015.0,256015.0,256015.0,256015.0,256015.0,256015.0,1.0,1.0,1.0,1.0,1.0,1.0,1.0,1.0,1.0,1.0,1.0,1.0,1.0,1.0,1.0,1.0,1.0,1.0,22.04,22.04,22.04,22.04,22.04,22.04,22.04,22.04,22.04,22.04,22.04,22.04,22.04,22.04,9.02,9.02,9.02,9.02,9.02,9.02,9.02,9.02,9.02,9.02,9.02,9.02,9.02,9.02,9.02,5.27,5.27,5.27,5.27,5.27,5.27,5.27,5.27,5.27,5.27,5.27,5.27,5.27,5.27,5.27,1.6,1.6,1.6,1.6,1.6,1.6,1.6,1.6,6035000.0,6035000.0,6035000.0,6152000.0,6152000.0,6152000.0,6152000.0,6152000.0,6152000.0
2022-04-01,474,1,2.0,2.0,2.0,2.0,2.0,2.0,2.0,2.0,2.0,62.3,62.3,62.3,62.3,62.3,62.3,62.3,32.22,32.22,32.22,32.22,32.22,32.22,32.22,32.22,15.72,15.72,15.72,15.72,15.72,15.72,15.72,15.72,1.85,1.85,1.85,1.85,1.85,1.85,1.85,1.85,1.85,157857.0,157857.0,157857.0,157857.0,157857.0,157857.0,157857.0,157857.0,157857.0,157857.0,2.0,2.0,2.0,2.0,2.0,2.0,2.0,2.0,2.0,2.0,2.0,2.0,2.0,2.0,2.0,2.0,2.0,2.0,62.3,62.3,62.3,62.3,62.3,62.3,62.3,62.3,62.3,62.3,62.3,62.3,62.3,62.3,32.22,32.22,32.22,32.22,32.22,32.22,32.22,32.22,32.22,32.22,32.22,32.22,32.22,32.22,32.22,15.72,15.72,15.72,15.72,15.72,15.72,15.72,15.72,15.72,15.72,15.72,15.72,15.72,15.72,15.72,1.85,1.85,1.85,1.85,1.85,1.85,1.85,1.85,8000000.0,7700000.0,8000000.0,7367491.0,7367491.0,7367491.0,7367491.0,7367491.0,7367491.0
2022-08-01,646,0,1.0,1.0,1.0,1.0,1.0,1.0,1.0,1.0,1.0,40.01,40.01,40.01,40.01,40.01,40.01,40.01,16.1,16.1,16.1,16.1,16.1,16.1,16.1,16.1,11.28,11.28,11.28,11.28,11.28,11.28,11.28,11.28,1.75,1.75,1.75,1.75,1.75,1.75,1.75,1.75,1.75,210592.0,210592.0,210592.0,210592.0,210592.0,210592.0,210592.0,210592.0,210592.0,210592.0,1.0,1.0,1.0,1.0,1.0,1.0,1.0,1.0,1.0,1.0,1.0,1.0,1.0,1.0,1.0,1.0,1.0,1.0,40.01,40.01,40.01,40.01,40.01,40.01,40.01,40.01,40.01,40.01,40.01,40.01,40.01,40.01,16.1,16.1,16.1,16.1,16.1,16.1,16.1,16.1,16.1,16.1,16.1,16.1,16.1,16.1,16.1,11.28,11.28,11.28,11.28,11.28,11.28,11.28,11.28,11.28,11.28,11.28,11.28,11.28,11.28,11.28,1.75,1.75,1.75,1.75,1.75,1.75,1.75,1.75,8495750.0,8495750.0,8495750.0,8214688.55,8214688.55,8214688.55,8214688.55,8214688.55,8214688.55
2022-07-01,718,0,2.0,2.0,2.0,2.0,2.0,2.0,2.0,2.0,2.0,59.28,59.28,59.28,59.28,59.28,59.28,59.28,28.29,28.29,28.29,28.29,28.29,28.29,28.29,28.29,15.54,15.54,15.54,15.54,15.54,15.54,15.54,15.54,1.82,1.82,1.82,1.82,1.82,1.82,1.82,1.82,1.82,163716.0,163716.0,163716.0,163716.0,163716.0,163716.0,163716.0,163716.0,163716.0,163716.0,2.0,2.0,2.0,2.0,2.0,2.0,2.0,2.0,2.0,2.0,2.0,2.0,2.0,2.0,2.0,2.0,2.0,2.0,59.28,59.28,59.28,59.28,59.28,59.28,59.28,59.28,59.28,59.28,59.28,59.28,59.28,59.28,28.29,28.29,28.29,28.29,28.29,28.29,28.29,28.29,28.29,28.29,28.29,28.29,28.29,28.29,28.29,15.54,15.54,15.54,15.54,15.54,15.54,15.54,15.54,15.54,15.54,15.54,15.54,15.54,15.54,15.54,1.82,1.82,1.82,1.82,1.82,1.82,1.82,1.82,9712374.0,9712374.0,9712374.0,9269000.0,9269000.0,9269000.0,9269000.0,9269000.0,9269000.0
2022-05-01,774,0,1.0,1.0,1.0,1.0,1.0,1.0,1.0,1.0,1.0,35.29,35.14,35.215,35.14,35.215,35.14,35.215,13.84,13.84,13.84,13.84,13.84,13.84,13.84,13.84,10.12,10.125,10.13,10.12,10.125,10.13,10.12,10.125,1.33,1.33,1.33,1.33,1.33,1.33,1.33,1.33,1.33,162569.0,162569.0,162569.0,163464.0,162569.0,163106.0,163464.0,162569.0,163106.0,163464.0,1.0,1.0,1.0,1.0,1.0,1.0,1.0,1.0,1.0,1.0,1.0,1.0,1.0,1.0,1.0,1.0,1.0,1.0,35.29,35.14,35.23,35.29,35.14,35.23,35.29,35.14,35.23,35.29,35.14,35.23,35.29,35.23,13.84,13.84,13.84,13.84,13.84,13.84,13.84,13.84,13.84,13.84,13.84,13.84,13.84,13.84,13.84,10.13,10.12,10.124,10.13,10.12,10.124,10.13,10.12,10.124,10.13,10.12,10.124,10.13,10.12,10.124,1.33,1.33,1.33,1.33,1.33,1.33,1.33,1.33,4547500.0,4547500.0,4547500.0,4825000.0,4825000.0,4825000.0,4825000.0,4825000.0,4825000.0
2022-07-01,821,0,1.0,1.0,1.0,1.0,1.0,1.0,1.0,1.0,1.0,25.61,24.69,25.15,24.69,25.15,24.69,25.15,12.37,12.435,12.5,12.37,12.435,12.5,12.37,12.435,5.24,5.67,6.1,5.24,5.67,6.1,5.24,5.67,1.54,1.29,1.415,1.54,1.29,1.415,1.54,1.29,1.415,182430.0,182430.0,182430.0,182430.0,182430.0,182430.0,182430.0,182430.0,182430.0,182430.0,1.0,1.0,1.0,1.0,1.0,1.0,1.0,1.0,1.0,1.0,1.0,1.0,1.0,1.0,1.0,1.0,1.0,1.0,25.61,25.61,25.61,25.61,25.61,25.61,25.61,25.61,25.61,25.61,25.61,25.61,25.61,25.61,12.37,12.37,12.37,12.37,12.37,12.37,12.37,12.37,12.37,12.37,12.37,12.37,12.37,12.37,12.37,6.1,6.1,6.1,6.1,6.1,6.1,6.1,6.1,6.1,6.1,6.1,6.1,6.1,6.1,6.1,1.29,1.29,1.29,1.29,1.29,1.29,1.29,1.29,4355789.0,4355789.0,4355789.0,4023736.0,4023736.0,4023736.0,4023736.0,4023736.0,4023736.0
2022-08-01,982,0,1.0,1.0,1.0,1.0,1.0,1.0,1.0,1.0,1.0,40.93,40.93,40.93,40.93,40.93,40.93,40.93,12.42,12.42,12.42,12.42,12.42,12.42,12.42,12.42,16.56,16.56,16.56,16.56,16.56,16.56,16.56,16.56,0.9,0.9,0.9,0.9,0.9,0.9,0.9,0.9,0.9,173201.0,173201.0,173201.0,173201.0,173201.0,173201.0,173201.0,173201.0,173201.0,173201.0,1.0,1.0,1.0,1.0,1.0,1.0,1.0,1.0,1.0,1.0,1.0,1.0,1.0,1.0,1.0,1.0,1.0,1.0,40.93,40.93,40.93,40.93,40.93,40.93,40.93,40.93,40.93,40.93,40.93,40.93,40.93,40.93,12.42,12.42,12.42,12.42,12.42,12.42,12.42,12.42,12.42,12.42,12.42,12.42,12.42,12.42,12.42,16.56,16.56,16.56,16.56,16.56,16.56,16.56,16.56,16.56,16.56,16.56,16.56,16.56,16.56,16.56,0.9,0.9,0.9,0.9,0.9,0.9,0.9,0.9,7275150.0,7275150.0,7275150.0,7079609.0,7079609.0,7079609.0,7079609.0,7079609.0,7079609.0
2022-07-01,1056,0,1.0,1.0,1.0,1.0,1.0,1.0,1.0,1.0,1.0,36.9,36.9,36.9,36.9,36.9,36.9,36.9,14.3,14.3,14.3,14.3,14.3,14.3,14.3,14.3,11.2,11.2,11.2,11.2,11.2,11.2,11.2,11.2,1.95,1.95,1.95,1.95,1.95,1.95,1.95,1.95,1.95,256619.0,256619.0,256619.0,256619.0,256619.0,256619.0,256619.0,256619.0,256619.0,256619.0,1.0,1.0,1.0,1.0,1.0,1.0,1.0,1.0,1.0,1.0,1.0,1.0,1.0,1.0,1.0,1.0,1.0,1.0,36.9,36.9,36.9,36.9,36.9,36.9,36.9,36.9,36.9,36.9,36.9,36.9,36.9,36.9,14.3,14.3,14.3,14.3,14.3,14.3,14.3,14.3,14.3,14.3,14.3,14.3,14.3,14.3,14.3,11.2,11.2,11.2,11.2,11.2,11.2,11.2,11.2,11.2,11.2,11.2,11.2,11.2,11.2,11.2,1.95,1.95,1.95,1.95,1.95,1.95,1.95,1.95,7859241.1,7859241.1,7859241.1,8665000.0,8665000.0,8665000.0,8665000.0,8665000.0,8665000.0
2022-07-01,1322,0,1.0,1.0,1.0,1.0,1.0,1.0,1.0,1.0,1.0,35.27,35.02,35.145,35.02,35.145,35.02,35.145,13.95,13.95,13.95,13.95,13.95,13.95,13.95,13.95,9.98,10.05,10.12,9.98,10.05,10.12,9.98,10.05,1.33,1.33,1.33,1.33,1.33,1.33,1.33,1.33,1.33,167677.0,167047.0,167299.0,167677.0,167047.0,167299.0,167677.0,167047.0,167299.0,167677.0,1.0,1.0,1.0,1.0,1.0,1.0,1.0,1.0,1.0,1.0,1.0,1.0,1.0,1.0,1.0,1.0,1.0,1.0,35.27,35.02,35.17,35.27,35.02,35.17,35.27,35.02,35.17,35.27,35.02,35.17,35.27,35.17,13.95,13.95,13.95,13.95,13.95,13.95,13.95,13.95,13.95,13.95,13.95,13.95,13.95,13.95,13.95,10.12,9.98,10.064,10.12,9.98,10.064,10.12,9.98,10.064,10.12,9.98,10.064,10.12,9.98,10.064,1.33,1.33,1.33,1.33,1.33,1.33,1.33,1.33,5950000.0,5950000.0,5950000.0,5555000.0,5555000.0,5555000.0,5555000.0,5555000.0,5555000.0
2022-11-01,1391,0,1.0,1.0,1.0,1.0,1.0,1.0,1.0,1.0,1.0,35.03,35.03,35.03,35.03,35.03,35.03,35.03,15.3,15.3,15.3,15.3,15.3,15.3,15.3,15.3,8.74,8.74,8.74,8.74,8.74,8.74,8.74,8.74,1.4,1.4,1.4,1.4,1.4,1.4,1.4,1.4,1.4,257374.0,257374.0,257374.0,257374.0,257374.0,257374.0,257374.0,257374.0,257374.0,257374.0,1.0,1.0,1.0,1.0,1.0,1.0,1.0,1.0,1.0,1.0,1.0,1.0,1.0,1.0,1.0,1.0,1.0,1.0,35.03,35.03,35.03,35.03,35.03,35.03,35.03,35.03,35.03,35.03,35.03,35.03,35.03,35.03,15.3,15.3,15.3,15.3,15.3,15.3,15.3,15.3,15.3,15.3,15.3,15.3,15.3,15.3,15.3,8.74,8.74,8.74,8.74,8.74,8.74,8.74,8.74,8.74,8.74,8.74,8.74,8.74,8.74,8.74,1.4,1.4,1.4,1.4,1.4,1.4,1.4,1.4,7728000.0,7728000.0,7728000.0,7726276.0,7726276.0,7726276.0,7726276.0,7726276.0,7726276.0
2022-07-01,1430,0,1.0,1.0,1.0,1.0,1.0,1.0,1.0,1.0,1.0,24.52,24.52,24.52,24.52,24.52,24.52,24.52,11.88,11.88,11.88,11.88,11.88,11.88,11.88,11.88,5.22,5.22,5.22,5.22,5.22,5.22,5.22,5.22,0.81,0.81,0.81,0.81,0.81,0.81,0.81,0.81,0.81,194854.0,194854.0,194854.0,194854.0,194854.0,194854.0,194854.0,194854.0,194854.0,194854.0,1.0,1.0,1.0,1.0,1.0,1.0,1.0,1.0,1.0,1.0,1.0,1.0,1.0,1.0,1.0,1.0,1.0,1.0,24.52,24.52,24.52,24.52,24.52,24.52,24.52,24.52,24.52,24.52,24.52,24.52,24.52,24.52,11.88,11.88,11.88,11.88,11.88,11.88,11.88,11.88,11.88,11.88,11.88,11.88,11.88,11.88,11.88,5.22,5.22,5.22,5.22,5.22,5.22,5.22,5.22,5.22,5.22,5.22,5.22,5.22,5.22,5.22,0.81,0.81,0.81,0.81,0.81,0.81,0.81,0.81,800000.0,800000.0,800000.0,800000.0,800000.0,800000.0,800000.0,800000.0,800000.0
2022-05-01,1670,0,1.0,1.0,1.0,1.0,1.0,1.0,1.0,1.0,1.0,26.03,26.03,26.03,26.03,26.03,26.03,26.03,13.45,13.45,13.45,13.45,13.45,13.45,13.45,13.45,4.93,4.93,4.93,4.93,4.93,4.93,4.93,4.93,1.37,1.37,1.37,1.37,1.37,1.37,1.37,1.37,1.37,191258.0,191258.0,191258.0,191258.0,191258.0,191258.0,191258.0,191258.0,191258.0,191258.0,1.0,1.0,1.0,1.0,1.0,1.0,1.0,1.0,1.0,1.0,1.0,1.0,1.0,1.0,1.0,1.0,1.0,1.0,26.03,26.03,26.03,26.03,26.03,26.03,26.03,26.03,26.03,26.03,26.03,26.03,26.03,26.03,13.45,13.45,13.45,13.45,13.45,13.45,13.45,13.45,13.45,13.45,13.45,13.45,13.45,13.45,13.45,4.93,4.93,4.93,4.93,4.93,4.93,4.93,4.93,4.93,4.93,4.93,4.93,4.93,4.93,4.93,1.37,1.37,1.37,1.37,1.37,1.37,1.37,1.37,5000000.0,5000000.0,5000000.0,4138000.0,4138000.0,4138000.0,4138000.0,4138000.0,4138000.0
2022-07-01,1688,0,1.0,1.0,1.0,1.0,1.0,1.0,1.0,1.0,1.0,39.33,39.33,39.33,39.33,39.33,39.33,39.33,11.93,11.93,11.93,11.93,11.93,11.93,11.93,11.93,17.74,17.74,17.74,17.74,17.74,17.74,17.74,17.74,1.62,1.62,1.62,1.62,1.62,1.62,1.62,1.62,1.62,161221.0,161221.0,161221.0,161221.0,161221.0,161221.0,161221.0,161221.0,161221.0,161221.0,1.0,1.0,1.0,1.0,1.0,1.0,1.0,1.0,1.0,1.0,1.0,1.0,1.0,1.0,1.0,1.0,1.0,1.0,39.33,39.33,39.33,39.33,39.33,39.33,39.33,39.33,39.33,39.33,39.33,39.33,39.33,39.33,11.93,11.93,11.93,11.93,11.93,11.93,11.93,11.93,11.93,11.93,11.93,11.93,11.93,11.93,11.93,17.74,17.74,17.74,17.74,17.74,17.74,17.74,17.74,17.74,17.74,17.74,17.74,17.74,17.74,17.74,1.62,1.62,1.62,1.62,1.62,1.62,1.62,1.62,6156000.0,6156000.0,6156000.0,6085000.0,6085000.0,6085000.0,6085000.0,6085000.0,6085000.0
2022-07-01,1692,0,2.0,2.0,2.0,2.0,2.0,2.0,2.0,2.0,2.0,56.11,56.11,56.11,56.11,56.11,56.11,56.11,27.04,27.04,27.04,27.04,27.04,27.04,27.04,27.04,14.01,14.01,14.01,14.01,14.01,14.01,14.01,14.01,2.19,2.19,2.19,2.19,2.19,2.19,2.19,2.19,2.19,169441.0,169441.0,169441.0,169441.0,169441.0,169441.0,169441.0,169441.0,169441.0,169441.0,2.0,2.0,2.0,2.0,2.0,2.0,2.0,2.0,2.0,2.0,2.0,2.0,2.0,2.0,2.0,2.0,2.0,2.0,56.11,56.11,56.11,56.11,56.11,56.11,56.11,56.11,56.11,56.11,56.11,56.11,56.11,56.11,27.04,27.04,27.04,27.04,27.04,27.04,27.04,27.04,27.04,27.04,27.04,27.04,27.04,27.04,27.04,14.01,14.01,14.01,14.01,14.01,14.01,14.01,14.01,14.01,14.01,14.01,14.01,14.01,14.01,14.01,2.19,2.19,2.19,2.19,2.19,2.19,2.19,2.19,8062220.0,8062220.0,8062220.0,8885144.0,8885144.0,8885144.0,8885144.0,8885144.0,8885144.0
2022-04-01,1911,0,1.0,1.0,1.0,1.0,1.0,1.0,1.0,1.0,1.0,26.01,26.01,26.01,26.01,26.01,26.01,26.01,13.86,13.86,13.86,13.86,13.86,13.86,13.86,13.86,5.02,5.02,5.02,5.02,5.02,5.02,5.02,5.02,1.2,1.2,1.2,1.2,1.2,1.2,1.2,1.2,1.2,177532.0,177532.0,177532.0,177532.0,177532.0,177532.0,177532.0,177532.0,177532.0,177532.0,1.0,1.0,1.0,1.0,1.0,1.0,1.0,1.0,1.0,1.0,1.0,1.0,1.0,1.0,1.0,1.0,1.0,1.0,26.01,26.01,26.01,26.01,26.01,26.01,26.01,26.01,26.01,26.01,26.01,26.01,26.01,26.01,13.86,13.86,13.86,13.86,13.86,13.86,13.86,13.86,13.86,13.86,13.86,13.86,13.86,13.86,13.86,5.02,5.02,5.02,5.02,5.02,5.02,5.02,5.02,5.02,5.02,5.02,5.02,5.02,5.02,5.02,1.2,1.2,1.2,1.2,1.2,1.2,1.2,1.2,2500000.0,2500000.0,2500000.0,2107600.0,2107600.0,2107600.0,2107600.0,2107600.0,2107600.0
2022-09-01,1961,0,1.0,1.0,1.0,1.0,1.0,1.0,1.0,1.0,1.0,35.03,35.03,35.03,35.03,35.03,35.03,35.03,15.3,15.3,15.3,15.3,15.3,15.3,15.3,15.3,8.74,8.74,8.74,8.74,8.74,8.74,8.74,8.74,1.4,1.4,1.4,1.4,1.4,1.4,1.4,1.4,1.4,229278.0,229278.0,229278.0,229278.0,229278.0,229278.0,229278.0,229278.0,229278.0,229278.0,1.0,1.0,1.0,1.0,1.0,1.0,1.0,1.0,1.0,1.0,1.0,1.0,1.0,1.0,1.0,1.0,1.0,1.0,35.03,35.03,35.03,35.03,35.03,35.03,35.03,35.03,35.03,35.03,35.03,35.03,35.03,35.03,15.3,15.3,15.3,15.3,15.3,15.3,15.3,15.3,15.3,15.3,15.3,15.3,15.3,15.3,15.3,8.74,8.74,8.74,8.74,8.74,8.74,8.74,8.74,8.74,8.74,8.74,8.74,8.74,8.74,8.74,1.4,1.4,1.4,1.4,1.4,1.4,1.4,1.4,8569700.0,8569700.0,8569700.0,8716870.0,8716870.0,8716870.0,8716870.0,8716870.0,8716870.0
2022-04-01,2001,0,1.0,1.0,1.0,1.0,1.0,1.0,1.0,1.0,1.0,23.18,22.01,22.595,22.01,22.595,22.01,22.595,8.88,9.345,9.81,8.88,9.345,9.81,8.88,9.345,4.94,4.945,4.95,4.94,4.945,4.95,4.94,4.945,1.95,1.83,1.89,1.95,1.83,1.89,1.95,1.83,1.89,223209.0,202832.0,207926.25,223209.0,202832.0,207926.25,223209.0,202832.0,207926.25,223209.0,1.0,1.0,1.0,1.0,1.0,1.0,1.0,1.0,1.0,1.0,1.0,1.0,1.0,1.0,1.0,1.0,1.0,1.0,23.18,22.01,22.3025,23.18,22.01,22.3025,23.18,22.01,22.3025,23.18,22.01,22.3025,23.18,22.3025,9.81,8.88,9.1125,9.81,8.88,9.1125,9.81,8.88,9.1125,9.81,8.88,9.1125,9.81,8.88,9.1125,4.95,4.94,4.9475,4.95,4.94,4.9475,4.95,4.94,4.9475,4.95,4.94,4.9475,4.95,4.94,4.9475,1.95,1.83,1.86,1.95,1.83,1.86,1.95,1.86,3000000.0,3000000.0,3000000.0,3000000.0,3000000.0,3000000.0,3000000.0,3000000.0,3000000.0
2022-08-01,2015,0,2.0,2.0,2.0,2.0,2.0,2.0,2.0,2.0,2.0,49.07,49.07,49.07,49.07,49.07,49.07,49.07,25.07,25.07,25.07,25.07,25.07,25.07,25.07,25.07,10.29,10.29,10.29,10.29,10.29,10.29,10.29,10.29,1.67,1.67,1.67,1.67,1.67,1.67,1.67,1.67,1.67,169024.0,169024.0,169024.0,169024.0,169024.0,169024.0,169024.0,169024.0,169024.0,169024.0,2.0,2.0,2.0,2.0,2.0,2.0,2.0,2.0,2.0,2.0,2.0,2.0,2.0,1.0,1.6,2.0,1.0,1.6,49.07,49.07,49.07,49.07,49.07,49.07,49.07,49.07,49.07,49.07,24.63,39.294,49.07,39.294,25.07,25.07,25.07,25.07,25.07,25.07,25.07,25.07,25.07,25.07,12.58,20.074,25.07,12.58,20.074,10.29,10.29,10.29,10.29,10.29,10.29,10.29,10.29,10.29,10.29,5.03,8.186,10.29,5.03,8.186,1.67,1.67,1.67,1.67,1.67,1.67,1.67,1.67,8012062.0,8012062.0,8012062.0,8037000.0,8037000.0,8037000.0,8037000.0,8037000.0,8037000.0
2022-07-01,2093,0,1.0,1.0,1.0,1.0,1.0,1.0,1.0,1.0,1.0,20.78,20.78,20.78,20.78,20.78,20.78,20.78,9.13,9.13,9.13,9.13,9.13,9.13,9.13,9.13,5.0,5.0,5.0,5.0,5.0,5.0,5.0,5.0,1.39,1.39,1.39,1.39,1.39,1.39,1.39,1.39,1.39,208281.0,208281.0,208281.0,208281.0,208281.0,208281.0,208281.0,208281.0,208281.0,208281.0,1.0,1.0,1.0,1.0,1.0,1.0,1.0,1.0,1.0,1.0,1.0,1.0,1.0,1.0,1.0,1.0,1.0,1.0,20.78,20.78,20.78,20.78,20.78,20.78,20.78,20.78,20.78,20.78,20.78,20.78,20.78,20.78,9.13,9.13,9.13,9.13,9.13,9.13,9.13,9.13,9.13,9.13,9.13,9.13,9.13,9.13,9.13,5.0,5.0,5.0,5.0,5.0,5.0,5.0,5.0,5.0,5.0,5.0,5.0,5.0,5.0,5.0,1.39,1.39,1.39,1.39,1.39,1.39,1.39,1.39,4335000.0,4335000.0,4335000.0,3995000.0,3995000.0,3995000.0,3995000.0,3995000.0,3995000.0
2022-10-01,2113,0,1.0,1.0,1.0,1.0,1.0,1.0,1.0,1.0,1.0,34.68,34.68,34.68,34.68,34.68,34.68,34.68,14.57,14.57,14.57,14.57,14.57,14.57,14.57,14.57,10.54,10.54,10.54,10.54,10.54,10.54,10.54,10.54,1.62,1.62,1.62,1.62,1.62,1.62,1.62,1.62,1.62,176337.0,176337.0,176337.0,176337.0,176337.0,176337.0,176337.0,176337.0,176337.0,176337.0,1.0,1.0,1.0,1.0,1.0,1.0,1.0,1.0,1.0,1.0,1.0,1.0,1.0,1.0,1.0,1.0,1.0,1.0,34.68,34.68,34.68,34.68,34.68,34.68,34.68,34.68,34.68,34.68,34.68,34.68,34.68,34.68,14.57,14.57,14.57,14.57,14.57,14.57,14.57,14.57,14.57,14.57,14.57,14.57,14.57,14.57,14.57,10.54,10.54,10.54,10.54,10.54,10.54,10.54,10.54,10.54,10.54,10.54,10.54,10.54,10.54,10.54,1.62,1.62,1.62,1.62,1.62,1.62,1.62,1.62,6851000.0,6851000.0,6851000.0,6848314.0,6848314.0,6848314.0,6848314.0,6848314.0,6848314.0
2022-11-01,2113,0,1.0,1.0,1.0,1.0,1.0,1.0,1.0,1.0,1.0,34.68,34.68,34.68,34.68,34.68,34.68,34.68,14.57,14.57,14.57,14.57,14.57,14.57,14.57,14.57,10.54,10.54,10.54,10.54,10.54,10.54,10.54,10.54,1.62,1.62,1.62,1.62,1.62,1.62,1.62,1.62,1.62,176337.0,176337.0,176337.0,176337.0,176337.0,176337.0,176337.0,176337.0,176337.0,176337.0,1.0,1.0,1.0,1.0,1.0,1.0,1.0,1.0,1.0,1.0,1.0,1.0,1.0,1.0,1.0,1.0,1.0,1.0,34.68,34.68,34.68,34.68,34.68,34.68,34.68,34.68,34.68,34.68,34.68,34.68,34.68,34.68,14.57,14.57,14.57,14.57,14.57,14.57,14.57,14.57,14.57,14.57,14.57,14.57,14.57,14.57,14.57,10.54,10.54,10.54,10.54,10.54,10.54,10.54,10.54,10.54,10.54,10.54,10.54,10.54,10.54,10.54,1.62,1.62,1.62,1.62,1.62,1.62,1.62,1.62,6851000.0,6851000.0,6851000.0,6848314.0,6848314.0,6848314.0,6848314.0,6848314.0,6848314.0
2022-11-01,2130,0,1.0,1.0,1.0,1.0,1.0,1.0,1.0,1.0,1.0,35.03,35.03,35.03,35.03,35.03,35.03,35.03,14.89,14.89,14.89,14.89,14.89,14.89,14.89,14.89,11.18,11.18,11.18,11.18,11.18,11.18,11.18,11.18,1.76,1.76,1.76,1.76,1.76,1.76,1.76,1.76,1.76,194271.0,194271.0,194271.0,194271.0,194271.0,194271.0,194271.0,194271.0,194271.0,194271.0,1.0,1.0,1.0,1.0,1.0,1.0,1.0,1.0,1.0,1.0,1.0,1.0,1.0,1.0,1.0,1.0,1.0,1.0,35.03,35.03,35.03,35.03,35.03,35.03,35.03,35.03,35.03,35.03,35.03,35.03,35.03,35.03,14.89,14.89,14.89,14.89,14.89,14.89,14.89,14.89,14.89,14.89,14.89,14.89,14.89,14.89,14.89,11.18,11.18,11.18,11.18,11.18,11.18,11.18,11.18,11.18,11.18,11.18,11.18,11.18,11.18,11.18,1.76,1.76,1.76,1.76,1.76,1.76,1.76,1.76,5000000.0,5000000.0,5000000.0,3013204.0,3013204.0,3013204.0,3013204.0,3013204.0,3013204.0
2022-09-01,2150,0,2.0,2.0,2.0,2.0,2.0,2.0,2.0,2.0,2.0,55.16,50.03,52.595,50.03,52.595,50.03,52.595,23.2,24.19,25.18,23.2,24.19,25.18,23.2,24.19,13.92,15.24,16.56,13.92,15.24,16.56,13.92,15.24,2.0,1.34,1.67,2.0,1.34,1.67,2.0,1.34,1.67,225491.0,225491.0,225491.0,238859.0,225491.0,228833.0,238859.0,225491.0,228833.0,238859.0,2.0,2.0,2.0,2.0,2.0,2.0,2.0,2.0,2.0,2.0,2.0,2.0,2.0,2.0,2.0,2.0,2.0,2.0,55.16,50.03,53.8775,55.16,50.03,53.8775,55.16,50.03,53.8775,55.16,50.03,53.8775,55.16,53.8775,25.18,23.2,24.685,25.18,23.2,24.685,25.18,23.2,24.685,25.18,23.2,24.685,25.18,23.2,24.685,16.56,13.92,15.9,16.56,13.92,15.9,16.56,13.92,15.9,16.56,13.92,15.9,16.56,13.92,15.9,2.0,2.0,2.0,2.0,1.34,1.835,2.0,1.835,12000000.0,12000000.0,12000000.0,12000000.0,12000000.0,12000000.0,12000000.0,12000000.0,12000000.0
2022-05-01,2162,0,1.0,1.0,1.0,1.0,1.0,1.0,1.0,1.0,1.0,31.04,31.04,31.04,31.04,31.04,31.04,31.04,12.49,12.49,12.49,12.49,12.49,12.49,12.49,12.49,9.97,9.97,9.97,9.97,9.97,9.97,9.97,9.97,0.9,0.9,0.9,0.9,0.9,0.9,0.9,0.9,0.9,182390.0,182390.0,182390.0,182390.0,182390.0,182390.0,182390.0,182390.0,182390.0,182390.0,1.0,1.0,1.0,1.0,1.0,1.0,1.0,1.0,1.0,1.0,1.0,1.0,1.0,1.0,1.0,1.0,1.0,1.0,31.04,31.04,31.04,31.04,31.04,31.04,31.04,31.04,31.04,31.04,31.04,31.04,31.04,31.04,12.49,12.49,12.49,12.49,12.49,12.49,12.49,12.49,12.49,12.49,12.49,12.49,12.49,12.49,12.49,9.97,9.97,9.97,9.97,9.97,9.97,9.97,9.97,9.97,9.97,9.97,9.97,9.97,9.97,9.97,0.9,0.9,0.9,0.9,0.9,0.9,0.9,0.9,3000000.0,3000000.0,3000000.0,3000000.0,3000000.0,3000000.0,3000000.0,3000000.0,3000000.0
2022-09-01,2205,0,2.0,2.0,2.0,2.0,2.0,2.0,2.0,2.0,2.0,55.5,55.5,55.5,55.5,55.5,55.5,55.5,26.06,26.06,26.06,26.06,26.06,26.06,26.06,26.06,14.52,14.52,14.52,14.52,14.52,14.52,14.52,14.52,1.28,1.28,1.28,1.28,1.28,1.28,1.28,1.28,1.28,168786.0,168786.0,168786.0,168786.0,168786.0,168786.0,168786.0,168786.0,168786.0,168786.0,2.0,2.0,2.0,2.0,2.0,2.0,2.0,2.0,2.0,2.0,2.0,2.0,2.0,2.0,2.0,2.0,2.0,2.0,55.5,55.5,55.5,55.5,55.5,55.5,55.5,55.5,55.5,55.5,55.5,55.5,55.5,55.5,26.06,26.06,26.06,26.06,26.06,26.06,26.06,26.06,26.06,26.06,26.06,26.06,26.06,26.06,26.06,14.52,14.52,14.52,14.52,14.52,14.52,14.52,14.52,14.52,14.52,14.52,14.52,14.52,14.52,14.52,1.28,1.28,1.28,1.28,1.28,1.28,1.28,1.28,9594761.75,9594761.75,9594761.75,9584731.0,9584731.0,9584731.0,9584731.0,9584731.0,9584731.0
2022-04-01,2217,0,1.0,1.0,1.0,1.0,1.0,1.0,1.0,1.0,1.0,25.97,25.97,25.97,25.97,25.97,25.97,25.97,13.12,13.12,13.12,13.12,13.12,13.12,13.12,13.12,4.93,4.93,4.93,4.93,4.93,4.93,4.93,4.93,1.31,1.31,1.31,1.31,1.31,1.31,1.31,1.31,1.31,187646.0,187646.0,187646.0,187646.0,187646.0,187646.0,187646.0,187646.0,187646.0,187646.0,1.0,1.0,1.0,1.0,1.0,1.0,1.0,1.0,1.0,1.0,1.0,1.0,1.0,1.0,1.0,1.0,1.0,1.0,25.97,25.97,25.97,25.97,25.97,25.97,25.97,25.97,25.97,25.97,25.97,25.97,25.97,25.97,13.12,13.12,13.12,13.12,13.12,13.12,13.12,13.12,13.12,13.12,13.12,13.12,13.12,13.12,13.12,4.93,4.93,4.93,4.93,4.93,4.93,4.93,4.93,4.93,4.93,4.93,4.93,4.93,4.93,4.93,1.31,1.31,1.31,1.31,1.31,1.31,1.31,1.31,3000000.0,3000000.0,3000000.0,3000000.0,3000000.0,3000000.0,3000000.0,3000000.0,3000000.0
2022-05-01,2217,0,1.0,1.0,1.0,1.0,1.0,1.0,1.0,1.0,1.0,25.97,25.97,25.97,25.97,25.97,25.97,25.97,13.12,13.12,13.12,13.12,13.12,13.12,13.12,13.12,4.93,4.93,4.93,4.93,4.93,4.93,4.93,4.93,1.31,1.31,1.31,1.31,1.31,1.31,1.31,1.31,1.31,187646.0,187646.0,187646.0,187646.0,187646.0,187646.0,187646.0,187646.0,187646.0,187646.0,1.0,1.0,1.0,1.0,1.0,1.0,1.0,1.0,1.0,1.0,1.0,1.0,1.0,1.0,1.0,1.0,1.0,1.0,25.97,25.97,25.97,25.97,25.97,25.97,25.97,25.97,25.97,25.97,25.97,25.97,25.97,25.97,13.12,13.12,13.12,13.12,13.12,13.12,13.12,13.12,13.12,13.12,13.12,13.12,13.12,13.12,13.12,4.93,4.93,4.93,4.93,4.93,4.93,4.93,4.93,4.93,4.93,4.93,4.93,4.93,4.93,4.93,1.31,1.31,1.31,1.31,1.31,1.31,1.31,1.31,3000000.0,3000000.0,3000000.0,3000000.0,3000000.0,3000000.0,3000000.0,3000000.0,3000000.0
2022-05-01,2282,0,1.0,1.0,1.0,1.0,1.0,1.0,1.0,1.0,1.0,31.09,20.74,25.915,20.74,25.915,20.74,25.915,9.13,10.815,12.5,9.13,10.815,12.5,9.13,10.815,5.0,7.535,10.07,5.0,7.535,10.07,5.0,7.535,1.35,0.9,1.125,1.35,0.9,1.125,1.35,0.9,1.125,176261.0,176261.0,176261.0,176261.0,176261.0,176261.0,176261.0,176261.0,176261.0,176261.0,1.0,1.0,1.0,1.0,1.0,1.0,1.0,1.0,1.0,1.0,1.0,1.0,1.0,1.0,1.0,1.0,1.0,1.0,31.09,31.09,31.09,31.09,31.09,31.09,31.09,31.09,31.09,31.09,31.09,31.09,31.09,31.09,12.5,12.5,12.5,12.5,12.5,12.5,12.5,12.5,12.5,12.5,12.5,12.5,12.5,12.5,12.5,10.07,10.07,10.07,10.07,10.07,10.07,10.07,10.07,10.07,10.07,10.07,10.07,10.07,10.07,10.07,0.9,0.9,0.9,0.9,0.9,0.9,0.9,0.9,4249500.0,4249500.0,4249500.0,5077000.0,5077000.0,5077000.0,5077000.0,5077000.0,5077000.0
2022-06-01,2282,0,1.0,1.0,1.0,1.0,1.0,1.0,1.0,1.0,1.0,31.09,20.74,25.915,20.74,25.915,20.74,25.915,9.13,10.815,12.5,9.13,10.815,12.5,9.13,10.815,5.0,7.535,10.07,5.0,7.535,10.07,5.0,7.535,1.35,0.9,1.125,1.35,0.9,1.125,1.35,0.9,1.125,176261.0,176261.0,176261.0,176261.0,176261.0,176261.0,176261.0,176261.0,176261.0,176261.0,1.0,1.0,1.0,1.0,1.0,1.0,1.0,1.0,1.0,1.0,1.0,1.0,1.0,1.0,1.0,1.0,1.0,1.0,31.09,31.09,31.09,31.09,31.09,31.09,31.09,31.09,31.09,31.09,31.09,31.09,31.09,31.09,12.5,12.5,12.5,12.5,12.5,12.5,12.5,12.5,12.5,12.5,12.5,12.5,12.5,12.5,12.5,10.07,10.07,10.07,10.07,10.07,10.07,10.07,10.07,10.07,10.07,10.07,10.07,10.07,10.07,10.07,0.9,0.9,0.9,0.9,0.9,0.9,0.9,0.9,4249500.0,4249500.0,4249500.0,5077000.0,5077000.0,5077000.0,5077000.0,5077000.0,5077000.0
2022-04-01,2285,0,1.0,1.0,1.0,1.0,1.0,1.0,1.0,1.0,1.0,35.27,35.27,35.27,35.27,35.27,35.27,35.27,13.95,13.95,13.95,13.95,13.95,13.95,13.95,13.95,10.12,10.12,10.12,10.12,10.12,10.12,10.12,10.12,1.33,1.33,1.33,1.33,1.33,1.33,1.33,1.33,1.33,164914.0,164914.0,164914.0,164914.0,164914.0,164914.0,164914.0,164914.0,164914.0,164914.0,1.0,1.0,1.0,1.0,1.0,1.0,1.0,1.0,1.0,1.0,1.0,1.0,1.0,1.0,1.0,1.0,1.0,1.0,35.27,35.27,35.27,35.27,35.27,35.27,35.27,35.27,35.27,36.79,35.27,35.878,36.79,35.878,13.95,13.95,13.95,13.95,13.95,13.95,13.95,13.95,13.95,15.43,13.95,14.542,15.43,13.95,14.542,10.12,10.12,10.12,10.12,10.12,10.12,10.12,10.12,10.12,10.12,10.04,10.088,10.12,10.04,10.088,1.33,1.33,1.33,1.33,1.33,1.33,1.33,1.33,3000000.0,3000000.0,3930000.0,2806000.0,2806000.0,2806000.0,2806000.0,2806000.0,2806000.0
2022-08-01,2484,0,2.0,2.0,2.0,2.0,2.0,2.0,2.0,2.0,2.0,60.51,60.4,60.455,60.4,60.455,60.4,60.455,27.88,27.93,27.98,27.88,27.93,27.98,27.88,27.93,16.95,16.96,16.97,16.95,16.96,16.97,16.95,16.96,2.09,2.09,2.09,2.09,2.09,2.09,2.09,2.09,2.09,154911.0,154911.0,154911.0,154911.0,154911.0,154911.0,154911.0,154911.0,154911.0,154911.0,2.0,2.0,2.0,2.0,2.0,2.0,2.0,2.0,2.0,2.0,2.0,2.0,2.0,2.0,2.0,2.0,2.0,2.0,60.51,60.51,60.51,60.51,60.51,60.51,60.51,60.51,60.51,60.51,60.51,60.51,60.51,60.51,27.98,27.98,27.98,27.98,27.98,27.98,27.98,27.98,27.98,27.98,27.98,27.98,27.98,27.98,27.98,16.95,16.95,16.95,16.95,16.95,16.95,16.95,16.95,16.95,16.95,16.95,16.95,16.95,16.95,16.95,2.09,2.09,2.09,2.09,2.09,2.09,2.09,2.09,9987500.0,9987500.0,9987500.0,9239000.0,9239000.0,9239000.0,9239000.0,9239000.0,9239000.0
2022-04-01,2542,0,1.0,1.0,1.0,1.0,1.0,1.0,1.0,1.0,1.0,30.88,30.88,30.88,30.88,30.88,30.88,30.88,12.5,12.5,12.5,12.5,12.5,12.5,12.5,12.5,9.96,9.96,9.96,9.96,9.96,9.96,9.96,9.96,0.9,0.9,0.9,0.9,0.9,0.9,0.9,0.9,0.9,179687.0,179687.0,179687.0,179687.0,179687.0,179687.0,179687.0,179687.0,179687.0,179687.0,1.0,1.0,1.0,1.0,1.0,1.0,1.0,1.0,1.0,1.0,1.0,1.0,1.0,1.0,1.0,1.0,1.0,1.0,30.88,30.88,30.88,30.88,30.88,30.88,30.88,30.88,30.88,30.88,30.88,30.88,30.88,30.88,12.5,12.5,12.5,12.5,12.5,12.5,12.5,12.5,12.5,12.5,12.5,12.5,12.5,12.5,12.5,9.96,9.96,9.96,9.96,9.96,9.96,9.96,9.96,9.96,9.96,9.96,9.96,9.96,9.96,9.96,0.9,0.9,0.9,0.9,0.9,0.9,0.9,0.9,4670000.0,4670000.0,4670000.0,4660000.0,4660000.0,4660000.0,4660000.0,4660000.0,4660000.0
2022-07-01,2587,1,2.0,2.0,2.0,2.0,2.0,2.0,2.0,2.0,2.0,50.03,13.5,31.765,13.5,31.765,13.5,31.765,23.2,23.2,23.2,23.2,23.2,23.2,23.2,23.2,13.92,13.92,13.92,13.92,13.92,13.92,13.92,13.92,1.34,1.34,1.34,1.34,1.34,1.34,1.34,1.34,1.34,225414.0,225414.0,225414.0,225414.0,225414.0,225414.0,225414.0,225414.0,225414.0,225414.0,2.0,2.0,2.0,2.0,2.0,2.0,2.0,2.0,2.0,2.0,2.0,2.0,2.0,2.0,2.0,2.0,2.0,2.0,50.03,50.03,50.03,50.03,50.03,50.03,50.03,50.03,50.03,50.03,50.03,50.03,50.03,50.03,23.2,23.2,23.2,23.2,23.2,23.2,23.2,23.2,23.2,23.2,23.2,23.2,23.2,23.2,23.2,13.92,13.92,13.92,13.92,13.92,13.92,13.92,13.92,13.92,13.92,13.92,13.92,13.92,13.92,13.92,1.34,1.34,1.34,1.34,1.34,1.34,1.34,1.34,12000000.0,10918832.65,12000000.0,9021000.0,9021000.0,9021000.0,9021000.0,9021000.0,9021000.0
2022-06-01,2652,0,2.0,2.0,2.0,2.0,2.0,2.0,2.0,2.0,2.0,55.4,54.8,55.1,54.8,55.1,54.8,55.1,25.35,25.35,25.35,25.35,25.35,25.35,25.35,25.35,16.23,16.405,16.58,16.23,16.405,16.58,16.23,16.405,2.0,2.0,2.0,2.0,2.0,2.0,2.0,2.0,2.0,207682.0,207682.0,207682.0,207682.0,207682.0,207682.0,207682.0,207682.0,207682.0,207682.0,2.0,2.0,2.0,2.0,2.0,2.0,2.0,2.0,2.0,2.0,2.0,2.0,2.0,2.0,2.0,2.0,2.0,2.0,55.4,55.4,55.4,55.4,55.4,55.4,55.4,55.4,55.4,55.4,55.4,55.4,55.4,55.4,25.35,25.35,25.35,25.35,25.35,25.35,25.35,25.35,25.35,25.35,25.35,25.35,25.35,25.35,25.35,16.58,16.58,16.58,16.58,16.58,16.58,16.58,16.58,16.58,16.58,16.58,16.58,16.58,16.58,16.58,2.0,2.0,2.0,2.0,2.0,2.0,2.0,2.0,8374425.0,8374425.0,8374425.0,7994878.0,7994878.0,7994878.0,7994878.0,7994878.0,7994878.0
2022-08-01,2698,0,2.0,2.0,2.0,2.0,2.0,2.0,2.0,2.0,2.0,49.58,49.58,49.58,49.58,49.58,49.58,49.58,27.01,27.01,27.01,27.01,27.01,27.01,27.01,27.01,9.88,9.88,9.88,9.88,9.88,9.88,9.88,9.88,1.83,1.83,1.83,1.83,1.83,1.83,1.83,1.83,1.83,172990.0,172990.0,172990.0,172990.0,172990.0,172990.0,172990.0,172990.0,172990.0,172990.0,2.0,2.0,2.0,2.0,2.0,2.0,2.0,2.0,2.0,2.0,2.0,2.0,2.0,2.0,2.0,2.0,2.0,2.0,49.58,49.58,49.58,49.58,49.58,49.58,49.58,49.58,49.58,49.58,49.58,49.58,49.58,49.58,27.01,27.01,27.01,27.01,27.01,27.01,27.01,27.01,27.01,27.01,27.01,27.01,27.01,27.01,27.01,9.88,9.88,9.88,9.88,9.88,9.88,9.88,9.88,9.88,9.88,9.88,9.88,9.88,9.88,9.88,1.83,1.83,1.83,1.83,1.83,1.83,1.83,1.83,8204890.0,8204890.0,8204890.0,8030000.0,8030000.0,8030000.0,8030000.0,8030000.0,8030000.0
2022-07-01,2825,0,1.0,1.0,1.0,1.0,1.0,1.0,1.0,1.0,1.0,21.43,21.43,21.43,21.43,21.43,21.43,21.43,9.94,9.94,9.94,9.94,9.94,9.94,9.94,9.94,5.0,5.0,5.0,5.0,5.0,5.0,5.0,5.0,1.39,1.39,1.39,1.39,1.39,1.39,1.39,1.39,1.39,205172.0,205172.0,205172.0,205172.0,205172.0,205172.0,205172.0,205172.0,205172.0,205172.0,1.0,1.0,1.0,1.0,1.0,1.0,1.0,1.0,1.0,1.0,1.0,1.0,1.0,1.0,1.0,1.0,1.0,1.0,21.43,21.43,21.43,21.43,21.43,21.43,21.43,21.43,21.43,21.43,21.43,21.43,21.43,21.43,9.94,9.94,9.94,9.94,9.94,9.94,9.94,9.94,9.94,9.94,9.94,9.94,9.94,9.94,9.94,5.0,5.0,5.0,5.0,5.0,5.0,5.0,5.0,5.0,5.0,5.0,5.0,5.0,5.0,5.0,1.39,1.39,1.39,1.39,1.39,1.39,1.39,1.39,4382345.0,4382345.0,4382345.0,4294000.0,4294000.0,4294000.0,4294000.0,4294000.0,4294000.0
2022-08-01,2969,0,2.0,2.0,2.0,2.0,2.0,2.0,2.0,2.0,2.0,45.52,45.52,45.52,45.52,45.52,45.52,45.52,21.66,21.66,21.66,21.66,21.66,21.66,21.66,21.66,12.05,12.05,12.05,12.05,12.05,12.05,12.05,12.05,1.99,1.99,1.99,1.99,1.99,1.99,1.99,1.99,1.99,150522.0,150522.0,150522.0,150522.0,150522.0,150522.0,150522.0,150522.0,150522.0,150522.0,2.0,2.0,2.0,2.0,2.0,2.0,2.0,2.0,2.0,2.0,2.0,2.0,2.0,2.0,2.0,2.0,2.0,2.0,45.52,45.52,45.52,45.52,45.52,45.52,45.52,45.52,45.52,45.52,45.52,45.52,45.52,45.52,21.66,21.66,21.66,21.66,21.66,21.66,21.66,21.66,21.66,21.66,21.66,21.66,21.66,21.66,21.66,12.05,12.05,12.05,12.05,12.05,12.05,12.05,12.05,12.05,12.05,12.05,12.05,12.05,12.05,12.05,1.99,1.99,1.99,1.99,1.99,1.99,1.99,1.99,7000000.0,7000000.0,7000000.0,6580000.0,6580000.0,6580000.0,6580000.0,6580000.0,6580000.0
2022-12-01,3275,0,1.0,1.0,1.0,1.0,1.0,1.0,1.0,1.0,1.0,38.54,38.54,38.54,38.54,38.54,38.54,38.54,10.82,10.82,10.82,10.82,10.82,10.82,10.82,10.82,17.18,17.18,17.18,17.18,17.18,17.18,17.18,17.18,0.9,0.9,0.9,0.9,0.9,0.9,0.9,0.9,0.9,182478.0,182478.0,182478.0,182478.0,182478.0,182478.0,182478.0,182478.0,182478.0,182478.0,1.0,1.0,1.0,1.0,1.0,1.0,1.0,1.0,1.0,1.0,1.0,1.0,1.0,1.0,1.0,1.0,1.0,1.0,38.54,38.54,38.54,38.54,38.54,38.54,38.54,38.54,38.54,38.54,38.54,38.54,38.54,38.54,10.82,10.82,10.82,10.82,10.82,10.82,10.82,10.82,10.82,10.82,10.82,10.82,10.82,10.82,10.82,17.18,17.18,17.18,17.18,17.18,17.18,17.18,17.18,17.18,17.18,17.18,17.18,17.18,17.18,17.18,0.9,0.9,0.9,0.9,0.9,0.9,0.9,0.9,6390000.0,6390000.0,6390000.0,6389312.0,6389312.0,6389312.0,6389312.0,6389312.0,6389312.0
2022-07-01,3472,1,2.0,2.0,2.0,2.0,2.0,2.0,2.0,2.0,2.0,64.69,64.69,64.69,64.69,64.69,64.69,64.69,30.25,30.25,30.25,30.25,30.25,30.25,30.25,30.25,16.11,16.11,16.11,16.11,16.11,16.11,16.11,16.11,1.71,1.71,1.71,1.71,1.71,1.71,1.71,1.71,1.71,156088.0,156088.0,156088.0,156088.0,156088.0,156088.0,156088.0,156088.0,156088.0,156088.0,2.0,2.0,2.0,2.0,2.0,2.0,2.0,2.0,2.0,2.0,2.0,2.0,2.0,2.0,2.0,2.0,2.0,2.0,64.69,64.69,64.69,64.69,64.69,64.69,64.69,64.69,64.69,64.69,64.69,64.69,64.69,64.69,30.25,30.25,30.25,30.25,30.25,30.25,30.25,30.25,30.25,30.25,30.25,30.25,30.25,30.25,30.25,16.11,16.11,16.11,16.11,16.11,16.11,16.11,16.11,16.11,16.11,16.11,16.11,16.11,16.11,16.11,1.71,1.71,1.71,1.71,1.71,1.71,1.71,1.71,9777000.0,9777000.0,9777000.0,9777000.0,9777000.0,9777000.0,9777000.0,9777000.0,9777000.0
2022-09-01,3703,0,1.0,1.0,1.0,1.0,1.0,1.0,1.0,1.0,1.0,25.81,25.81,25.81,25.81,25.81,25.81,25.81,13.43,13.43,13.43,13.43,13.43,13.43,13.43,13.43,4.76,4.76,4.76,4.76,4.76,4.76,4.76,4.76,2.01,2.01,2.01,2.01,2.01,2.01,2.01,2.01,2.01,238487.0,238487.0,238487.0,238487.0,238487.0,238487.0,238487.0,238487.0,238487.0,238487.0,1.0,1.0,1.0,1.0,1.0,1.0,1.0,1.0,1.0,1.0,1.0,1.0,1.0,1.0,1.0,1.0,1.0,1.0,25.81,25.81,25.81,25.81,25.81,25.81,25.81,25.81,25.81,25.81,25.81,25.81,25.81,25.81,13.43,13.43,13.43,13.43,13.43,13.43,13.43,13.43,13.43,13.43,13.43,13.43,13.43,13.43,13.43,4.76,4.76,4.76,4.76,4.76,4.76,4.76,4.76,4.76,4.76,4.76,4.76,4.76,4.76,4.76,2.01,2.01,2.01,2.01,2.01,2.01,2.01,2.01,8000000.0,8000000.0,8000000.0,5896265.4,5896265.4,5896265.4,5896265.4,5896265.4,5896265.4
2022-06-01,3717,0,1.0,1.0,1.0,1.0,1.0,1.0,1.0,1.0,1.0,32.25,32.25,32.25,32.25,32.25,32.25,32.25,12.05,12.05,12.05,12.05,12.05,12.05,12.05,12.05,10.35,10.35,10.35,10.35,10.35,10.35,10.35,10.35,1.3,1.3,1.3,1.3,1.3,1.3,1.3,1.3,1.3,185395.0,185395.0,185395.0,185395.0,185395.0,185395.0,185395.0,185395.0,185395.0,185395.0,1.0,1.0,1.0,1.0,1.0,1.0,1.0,1.0,1.0,1.0,1.0,1.0,1.0,1.0,1.0,1.0,1.0,1.0,32.25,32.25,32.25,32.25,32.25,32.25,32.25,32.25,32.25,32.25,32.25,32.25,32.25,32.25,12.05,12.05,12.05,12.05,12.05,12.05,12.05,12.05,12.05,12.05,12.05,12.05,12.05,12.05,12.05,10.35,10.35,10.35,10.35,10.35,10.35,10.35,10.35,10.35,10.35,10.35,10.35,10.35,10.35,10.35,1.3,1.3,1.3,1.3,1.3,1.3,1.3,1.3,4500000.0,4500000.0,4500000.0,4500000.0,4500000.0,4500000.0,4500000.0,4500000.0,4500000.0
2022-08-01,3734,0,1.0,1.0,1.0,1.0,1.0,1.0,1.0,1.0,1.0,36.55,36.55,36.55,36.55,36.55,36.55,36.55,16.0,16.0,16.0,16.0,16.0,16.0,16.0,16.0,11.3,11.3,11.3,11.3,11.3,11.3,11.3,11.3,2.2,2.2,2.2,2.2,2.2,2.2,2.2,2.2,2.2,272623.0,272623.0,272623.0,272623.0,272623.0,272623.0,272623.0,272623.0,272623.0,272623.0,1.0,1.0,1.0,1.0,1.0,1.0,1.0,1.0,1.0,1.0,1.0,1.0,1.0,1.0,1.0,1.0,1.0,1.0,36.55,36.55,36.55,36.55,36.55,36.55,36.55,36.55,36.55,36.55,36.55,36.55,36.55,36.55,16.0,16.0,16.0,16.0,16.0,16.0,16.0,16.0,16.0,16.0,16.0,16.0,16.0,16.0,16.0,11.3,11.3,11.3,11.3,11.3,11.3,11.3,11.3,11.3,11.3,11.3,11.3,11.3,11.3,11.3,2.2,2.2,2.2,2.2,2.2,2.2,2.2,2.2,9716860.0,9716860.0,9716860.0,9716599.0,9716599.0,9716599.0,9716599.0,9716599.0,9716599.0
2022-06-01,3784,0,1.0,1.0,1.0,1.0,1.0,1.0,1.0,1.0,1.0,36.48,36.48,36.48,36.48,36.48,36.48,36.48,14.52,14.52,14.52,14.52,14.52,14.52,14.52,14.52,12.81,12.81,12.81,12.81,12.81,12.81,12.81,12.81,1.48,1.48,1.48,1.48,1.48,1.48,1.48,1.48,1.48,158831.0,158831.0,158831.0,158831.0,158831.0,158831.0,158831.0,158831.0,158831.0,158831.0,1.0,1.0,1.0,1.0,1.0,1.0,1.0,1.0,1.0,1.0,1.0,1.0,1.0,1.0,1.0,1.0,1.0,1.0,36.48,36.48,36.48,36.48,36.48,36.48,36.48,36.48,36.48,36.48,36.48,36.48,36.48,36.48,14.52,14.52,14.52,14.52,14.52,14.52,14.52,14.52,14.52,14.52,14.52,14.52,14.52,14.52,14.52,12.81,12.81,12.81,12.81,12.81,12.81,12.81,12.81,12.81,12.81,12.81,12.81,12.81,12.81,12.81,1.48,1.48,1.48,1.48,1.48,1.48,1.48,1.48,5300742.0,5300742.0,5300742.0,5291900.0,5291900.0,5291900.0,5291900.0,5291900.0,5291900.0
2022-07-01,3798,0,1.0,1.0,1.0,1.0,1.0,1.0,1.0,1.0,1.0,22.94,22.94,22.94,22.94,22.94,22.94,22.94,10.9,10.9,10.9,10.9,10.9,10.9,10.9,10.9,5.37,5.37,5.37,5.37,5.37,5.37,5.37,5.37,1.14,1.14,1.14,1.14,1.14,1.14,1.14,1.14,1.14,201144.0,201144.0,201144.0,201144.0,201144.0,201144.0,201144.0,201144.0,201144.0,201144.0,1.0,1.0,1.0,1.0,1.0,1.0,1.0,1.0,1.0,1.0,1.0,1.0,1.0,1.0,1.0,1.0,1.0,1.0,22.94,22.94,22.94,22.94,22.94,22.94,22.94,22.94,22.94,22.94,22.94,22.94,22.94,22.94,10.9,10.9,10.9,10.9,10.9,10.9,10.9,10.9,10.9,10.9,10.9,10.9,10.9,10.9,10.9,5.37,5.37,5.37,5.37,5.37,5.37,5.37,5.37,5.37,5.37,5.37,5.37,5.37,5.37,5.37,1.14,1.14,1.14,1.14,1.14,1.14,1.14,1.14,4064000.0,4064000.0,4064000.0,3860035.0,3860035.0,3860035.0,3860035.0,3860035.0,3860035.0
2022-07-01,3977,0,1.0,1.0,1.0,1.0,1.0,1.0,1.0,1.0,1.0,36.05,36.05,36.05,36.05,36.05,36.05,36.05,13.9,13.9,13.9,13.9,13.9,13.9,13.9,13.9,10.9,10.9,10.9,10.9,10.9,10.9,10.9,10.9,2.1,2.1,2.1,2.1,2.1,2.1,2.1,2.1,2.1,273152.0,273152.0,273152.0,273152.0,273152.0,273152.0,273152.0,273152.0,273152.0,273152.0,1.0,1.0,1.0,1.0,1.0,1.0,1.0,1.0,1.0,1.0,1.0,1.0,1.0,1.0,1.0,1.0,1.0,1.0,36.05,36.05,36.05,36.05,36.05,36.05,36.05,36.05,36.05,36.05,36.05,36.05,36.05,36.05,13.9,13.9,13.9,13.9,13.9,13.9,13.9,13.9,13.9,13.9,13.9,13.9,13.9,13.9,13.9,10.9,10.9,10.9,10.9,10.9,10.9,10.9,10.9,10.9,10.9,10.9,10.9,10.9,10.9,10.9,2.1,2.1,2.1,2.1,2.1,2.1,2.1,2.1,9098748.0,9098748.0,9098748.0,9098000.0,9098000.0,9098000.0,9098000.0,9098000.0,9098000.0
2022-07-01,4069,0,1.0,1.0,1.0,1.0,1.0,1.0,1.0,1.0,1.0,38.34,32.36,36.4875,32.36,36.4875,32.36,36.4875,11.28,12.84,14.52,11.28,12.84,14.52,11.28,12.84,11.4,13.995,16.0,11.4,13.995,16.0,11.4,13.995,2.02,1.43,1.61,2.02,1.43,1.61,2.02,1.43,1.61,172268.0,172268.0,172268.0,172268.0,172268.0,172268.0,172268.0,172268.0,172268.0,172268.0,1.0,1.0,1.0,1.0,1.0,1.0,1.0,1.0,1.0,1.0,1.0,1.0,1.0,1.0,1.0,1.0,1.0,1.0,38.24,38.24,38.24,38.24,38.24,38.24,38.24,38.24,38.24,38.24,38.24,38.24,38.24,38.24,12.89,12.89,12.89,12.89,12.89,12.89,12.89,12.89,12.89,12.89,12.89,12.89,12.89,12.89,12.89,15.78,15.78,15.78,15.78,15.78,15.78,15.78,15.78,15.78,15.78,15.78,15.78,15.78,15.78,15.78,1.51,1.51,1.51,1.51,1.51,1.51,1.51,1.51,6400000.0,6400000.0,6400000.0,6300000.0,6300000.0,6300000.0,6300000.0,6300000.0,6300000.0
2022-06-01,4113,0,1.0,1.0,1.0,1.0,1.0,1.0,1.0,1.0,1.0,40.89,37.03,38.96,37.03,38.96,37.03,38.96,12.52,14.035,15.55,12.52,14.035,15.55,12.52,14.035,10.06,12.555,15.05,10.06,12.555,15.05,10.06,12.555,2.73,1.4,2.065,2.73,1.4,2.065,2.73,1.4,2.065,267215.0,207830.0,222676.25,267215.0,207830.0,222676.25,267215.0,207830.0,222676.25,267215.0,1.0,1.0,1.0,1.0,1.0,1.0,1.0,1.0,1.0,1.0,1.0,1.0,1.0,1.0,1.0,1.0,1.0,1.0,40.89,37.03,37.995,40.89,37.03,37.995,40.89,37.03,37.995,40.89,37.03,37.995,40.89,37.995,15.55,12.52,14.7925,15.55,12.52,14.7925,15.55,12.52,14.7925,15.55,12.52,14.7925,15.55,12.52,14.7925,15.05,10.06,11.3075,15.05,10.06,11.3075,15.05,10.06,11.3075,15.05,10.06,11.3075,15.05,10.06,11.3075,2.73,1.4,1.7325,2.73,1.4,1.7325,2.73,1.7325,8505022.65,8505022.65,8505022.65,6659000.0,6659000.0,6659000.0,6659000.0,6659000.0,6659000.0
2022-07-01,4211,0,1.0,1.0,1.0,1.0,1.0,1.0,1.0,1.0,1.0,38.48,38.48,38.48,38.48,38.48,38.48,38.48,12.71,12.71,12.71,12.71,12.71,12.71,12.71,12.71,16.09,16.09,16.09,16.09,16.09,16.09,16.09,16.09,1.43,1.43,1.43,1.43,1.43,1.43,1.43,1.43,1.43,166905.0,166905.0,166905.0,166905.0,166905.0,166905.0,166905.0,166905.0,166905.0,166905.0,1.0,1.0,1.0,1.0,1.0,1.0,1.0,1.0,1.0,1.0,1.0,1.0,1.0,1.0,1.0,1.0,1.0,1.0,38.48,38.48,38.48,38.48,38.48,38.48,38.48,38.48,38.48,38.48,38.48,38.48,38.48,38.48,12.71,12.71,12.71,12.71,12.71,12.71,12.71,12.71,12.71,12.71,12.71,12.71,12.71,12.71,12.71,16.09,16.09,16.09,16.09,16.09,16.09,16.09,16.09,16.09,16.09,16.09,16.09,16.09,16.09,16.09,1.43,1.43,1.43,1.43,1.43,1.43,1.43,1.43,7011363.0,7011363.0,7011363.0,5799000.0,5799000.0,5799000.0,5799000.0,5799000.0,5799000.0
2022-09-01,4326,0,1.0,1.0,1.0,1.0,1.0,1.0,1.0,1.0,1.0,40.68,40.55,40.615,40.55,40.615,40.55,40.615,13.25,14.285,15.32,13.25,14.285,15.32,13.25,14.285,15.29,15.555,15.82,15.29,15.555,15.82,15.29,15.555,2.27,1.14,1.705,2.27,1.14,1.705,2.27,1.14,1.705,191449.0,183062.0,187255.5,191449.0,183062.0,187255.5,191449.0,183062.0,187255.5,191449.0,1.0,1.0,1.0,1.0,1.0,1.0,1.0,1.0,1.0,1.0,1.0,1.0,1.0,1.0,1.0,1.0,1.0,1.0,40.68,40.55,40.615,40.68,40.55,40.615,40.68,40.55,40.615,40.68,40.55,40.615,40.68,40.615,15.32,13.25,14.285,15.32,13.25,14.285,15.32,13.25,14.285,15.32,13.25,14.285,15.32,13.25,14.285,15.82,15.29,15.555,15.82,15.29,15.555,15.82,15.29,15.555,15.82,15.29,15.555,15.82,15.29,15.555,2.27,1.14,1.705,2.27,1.14,1.705,2.27,1.705,7711800.1,7711800.1,7711800.1,7633334.0,7633334.0,7633334.0,7633334.0,7633334.0,7633334.0
2022-06-01,4644,0,1.0,1.0,1.0,1.0,1.0,1.0,1.0,1.0,1.0,34.66,34.66,34.66,34.66,34.66,34.66,34.66,14.46,14.46,14.46,14.46,14.46,14.46,14.46,14.46,10.49,10.49,10.49,10.49,10.49,10.49,10.49,10.49,1.62,1.62,1.62,1.62,1.62,1.62,1.62,1.62,1.62,163848.0,163848.0,163848.0,163848.0,163848.0,163848.0,163848.0,163848.0,163848.0,163848.0,1.0,1.0,1.0,1.0,1.0,1.0,1.0,1.0,1.0,1.0,1.0,1.0,1.0,1.0,1.0,1.0,1.0,1.0,34.66,34.66,34.66,34.66,34.66,34.66,34.66,34.66,34.66,34.66,34.66,34.66,34.66,34.66,14.46,14.46,14.46,14.46,14.46,14.46,14.46,14.46,14.46,14.46,14.46,14.46,14.46,14.46,14.46,10.49,10.49,10.49,10.49,10.49,10.49,10.49,10.49,10.49,10.49,10.49,10.49,10.49,10.49,10.49,1.62,1.62,1.62,1.62,1.62,1.62,1.62,1.62,4470306.0,4470306.0,4470306.0,4470306.0,4470306.0,4470306.0,4470306.0,4470306.0,4470306.0
2022-07-01,4644,0,1.0,1.0,1.0,1.0,1.0,1.0,1.0,1.0,1.0,34.66,34.66,34.66,34.66,34.66,34.66,34.66,14.46,14.46,14.46,14.46,14.46,14.46,14.46,14.46,10.49,10.49,10.49,10.49,10.49,10.49,10.49,10.49,1.62,1.62,1.62,1.62,1.62,1.62,1.62,1.62,1.62,163848.0,163848.0,163848.0,163848.0,163848.0,163848.0,163848.0,163848.0,163848.0,163848.0,1.0,1.0,1.0,1.0,1.0,1.0,1.0,1.0,1.0,1.0,1.0,1.0,1.0,1.0,1.0,1.0,1.0,1.0,34.66,34.66,34.66,34.66,34.66,34.66,34.66,34.66,34.66,34.66,34.66,34.66,34.66,34.66,14.46,14.46,14.46,14.46,14.46,14.46,14.46,14.46,14.46,14.46,14.46,14.46,14.46,14.46,14.46,10.49,10.49,10.49,10.49,10.49,10.49,10.49,10.49,10.49,10.49,10.49,10.49,10.49,10.49,10.49,1.62,1.62,1.62,1.62,1.62,1.62,1.62,1.62,4470306.0,4470306.0,4470306.0,4470306.0,4470306.0,4470306.0,4470306.0,4470306.0,4470306.0
2022-04-01,4678,0,1.0,1.0,1.0,1.0,1.0,1.0,1.0,1.0,1.0,25.73,22.73,24.23,22.73,24.23,22.73,24.23,9.88,11.63,13.38,9.88,11.63,13.38,9.88,11.63,4.74,4.845,4.95,4.74,4.845,4.95,4.74,4.845,2.01,1.17,1.59,2.01,1.17,1.59,2.01,1.17,1.59,212154.0,212154.0,212154.0,212154.0,212154.0,212154.0,212154.0,212154.0,212154.0,212154.0,1.0,1.0,1.0,1.0,1.0,1.0,1.0,1.0,1.0,1.0,1.0,1.0,1.0,1.0,1.0,1.0,1.0,1.0,25.73,25.73,25.73,25.73,25.73,25.73,25.73,25.73,25.73,25.73,25.73,25.73,25.73,25.73,13.38,13.38,13.38,13.38,13.38,13.38,13.38,13.38,13.38,13.38,13.38,13.38,13.38,13.38,13.38,4.74,4.74,4.74,4.74,4.74,4.74,4.74,4.74,4.74,4.74,4.74,4.74,4.74,4.74,4.74,2.01,2.01,2.01,2.01,2.01,2.01,2.01,2.01,4700000.0,4700000.0,4700000.0,3448000.0,3448000.0,3448000.0,3448000.0,3448000.0,3448000.0
2022-07-01,4698,0,2.0,2.0,2.0,2.0,2.0,2.0,2.0,2.0,2.0,50.12,50.12,50.12,50.12,50.12,50.12,50.12,26.39,26.39,26.39,26.39,26.39,26.39,26.39,26.39,10.34,10.34,10.34,10.34,10.34,10.34,10.34,10.34,1.04,1.04,1.04,1.04,1.04,1.04,1.04,1.04,1.04,202657.0,202657.0,202657.0,202657.0,202657.0,202657.0,202657.0,202657.0,202657.0,202657.0,2.0,2.0,2.0,2.0,2.0,2.0,2.0,2.0,2.0,2.0,2.0,2.0,2.0,2.0,2.0,2.0,2.0,2.0,50.12,50.12,50.12,50.12,50.12,50.12,50.12,50.12,50.12,50.12,50.12,50.12,50.12,50.12,26.39,26.39,26.39,26.39,26.39,26.39,26.39,26.39,26.39,26.39,26.39,26.39,26.39,26.39,26.39,10.34,10.34,10.34,10.34,10.34,10.34,10.34,10.34,10.34,10.34,10.34,10.34,10.34,10.34,10.34,1.04,1.04,1.04,1.04,1.04,1.04,1.04,1.04,10297600.0,10297600.0,10297600.0,9012000.0,9012000.0,9012000.0,9012000.0,9012000.0,9012000.0
2022-06-01,4769,0,1.0,1.0,1.0,1.0,1.0,1.0,1.0,1.0,1.0,21.75,21.75,21.75,21.75,21.75,21.75,21.75,9.41,9.41,9.41,9.41,9.41,9.41,9.41,9.41,5.04,5.04,5.04,5.04,5.04,5.04,5.04,5.04,1.1,1.1,1.1,1.1,1.1,1.1,1.1,1.1,1.1,222029.0,222029.0,222029.0,222029.0,222029.0,222029.0,222029.0,222029.0,222029.0,222029.0,1.0,1.0,1.0,1.0,1.0,1.0,1.0,1.0,1.0,1.0,1.0,1.0,1.0,1.0,1.0,1.0,1.0,1.0,21.75,21.75,21.75,21.75,21.75,21.75,21.75,21.75,21.75,21.75,21.75,21.75,21.75,21.75,9.41,9.41,9.41,9.41,9.41,9.41,9.41,9.41,9.41,9.41,9.41,9.41,9.41,9.41,9.41,5.04,5.04,5.04,5.04,5.04,5.04,5.04,5.04,5.04,5.04,5.04,5.04,5.04,5.04,5.04,1.1,1.1,1.1,1.1,1.1,1.1,1.1,1.1,4279011.0,4279011.0,4279011.0,4130529.0,4130529.0,4130529.0,4130529.0,4130529.0,4130529.0
2022-05-01,4793,0,1.0,1.0,1.0,1.0,1.0,1.0,1.0,1.0,1.0,20.74,20.74,20.74,20.74,20.74,20.74,20.74,9.13,9.13,9.13,9.13,9.13,9.13,9.13,9.13,5.0,5.0,5.0,5.0,5.0,5.0,5.0,5.0,1.35,1.35,1.35,1.35,1.35,1.35,1.35,1.35,1.35,210197.0,210197.0,210197.0,210197.0,210197.0,210197.0,210197.0,210197.0,210197.0,210197.0,1.0,1.0,1.0,1.0,1.0,1.0,1.0,1.0,1.0,1.0,1.0,1.0,1.0,1.0,1.0,1.0,1.0,1.0,20.74,20.74,20.74,20.74,20.74,20.74,20.74,20.74,20.74,20.74,20.74,20.74,20.74,20.74,9.13,9.13,9.13,9.13,9.13,9.13,9.13,9.13,9.13,9.13,9.13,9.13,9.13,9.13,9.13,5.0,5.0,5.0,5.0,5.0,5.0,5.0,5.0,5.0,5.0,5.0,5.0,5.0,5.0,5.0,1.35,1.35,1.35,1.35,1.35,1.35,1.35,1.35,5000000.0,5000000.0,5000000.0,2677000.0,2677000.0,2677000.0,2677000.0,2677000.0,2677000.0
2022-06-01,4994,0,2.0,2.0,2.0,2.0,2.0,2.0,2.0,2.0,2.0,49.08,49.08,49.08,49.08,49.08,49.08,49.08,25.07,25.07,25.07,25.07,25.07,25.07,25.07,25.07,10.29,10.29,10.29,10.29,10.29,10.29,10.29,10.29,1.67,1.67,1.67,1.67,1.67,1.67,1.67,1.67,1.67,166851.0,166851.0,166851.0,166851.0,166851.0,166851.0,166851.0,166851.0,166851.0,166851.0,2.0,2.0,2.0,2.0,2.0,2.0,2.0,2.0,2.0,2.0,2.0,2.0,2.0,2.0,2.0,2.0,2.0,2.0,49.08,49.08,49.08,49.08,49.08,49.08,49.08,49.08,49.08,49.08,49.08,49.08,49.08,49.08,25.07,25.07,25.07,25.07,25.07,25.07,25.07,25.07,25.07,25.07,25.07,25.07,25.07,25.07,25.07,10.29,10.29,10.29,10.29,10.29,10.29,10.29,10.29,10.29,10.29,10.29,10.29,10.29,10.29,10.29,1.67,1.67,1.67,1.67,1.67,1.67,1.67,1.67,7908785.84,7908785.84,7908785.84,7753000.0,7753000.0,7753000.0,7753000.0,7753000.0,7753000.0
2022-07-01,5222,0,1.0,1.0,1.0,1.0,1.0,1.0,1.0,1.0,1.0,39.51,39.51,39.51,39.51,39.51,39.51,39.51,11.99,11.99,11.99,11.99,11.99,11.99,11.99,11.99,17.85,17.85,17.85,17.85,17.85,17.85,17.85,17.85,1.62,1.62,1.62,1.62,1.62,1.62,1.62,1.62,1.62,167838.0,167838.0,167838.0,167838.0,167838.0,167838.0,167838.0,167838.0,167838.0,167838.0,1.0,1.0,1.0,1.0,1.0,1.0,1.0,1.0,1.0,1.0,1.0,1.0,1.0,1.0,1.0,1.0,1.0,1.0,39.51,39.51,39.51,39.51,39.51,39.51,39.51,39.51,39.51,39.51,39.51,39.51,39.51,39.51,11.99,11.99,11.99,11.99,11.99,11.99,11.99,11.99,11.99,11.99,11.99,11.99,11.99,11.99,11.99,17.85,17.85,17.85,17.85,17.85,17.85,17.85,17.85,17.85,17.85,17.85,17.85,17.85,17.85,17.85,1.62,1.62,1.62,1.62,1.62,1.62,1.62,1.62,6495263.95,6495263.95,6495263.95,6226094.0,6226094.0,6226094.0,6226094.0,6226094.0,6226094.0
2022-07-01,5317,0,2.0,2.0,2.0,2.0,2.0,2.0,2.0,2.0,2.0,57.8,57.37,57.55666666666667,57.37,57.55666666666667,57.37,57.55666666666667,29.28,30.73333333333333,32.83,29.28,30.73333333333333,32.83,29.28,30.73333333333333,10.32,11.55333333333333,12.92,10.32,11.55333333333333,12.92,10.32,11.55333333333333,2.06,1.17,1.67666666666667,2.06,1.17,1.67666666666667,2.06,1.17,1.67666666666667,202423.0,191041.0,197545.0,202423.0,191041.0,197545.0,202423.0,191041.0,197545.0,202423.0,2.0,2.0,2.0,2.0,2.0,2.0,2.0,2.0,2.0,2.0,2.0,2.0,2.0,2.0,2.0,2.0,2.0,2.0,57.8,57.37,57.61571428571429,57.8,57.37,57.61571428571429,57.8,57.37,57.61571428571429,57.8,57.37,57.61571428571429,57.8,57.61571428571429,32.83,30.09,31.65571428571429,32.83,30.09,31.65571428571429,32.83,30.09,31.65571428571429,32.83,30.09,31.65571428571429,32.83,30.09,31.65571428571429,11.42,10.32,10.79142857142857,11.42,10.32,10.79142857142857,11.42,10.32,10.79142857142857,11.42,10.32,10.79142857142857,11.42,10.32,10.79142857142857,2.06,1.17,1.55142857142857,2.06,1.17,1.55142857142857,2.06,1.55142857142857,9797659.3,9797659.3,9797659.3,9774000.0,9774000.0,9774000.0,9774000.0,9774000.0,9774000.0
2022-08-01,5372,0,2.0,2.0,2.0,2.0,2.0,2.0,2.0,2.0,2.0,59.0,54.77,56.19,54.77,56.19,54.77,56.19,25.02,26.23666666666667,28.34,25.02,26.23666666666667,28.34,25.02,26.23666666666667,14.55,15.88333333333333,16.87,14.55,15.88333333333333,16.87,14.55,15.88333333333333,2.0,1.08,1.41666666666667,2.0,1.08,1.41666666666667,2.0,1.08,1.41666666666667,225176.0,162757.0,175240.8,225176.0,162757.0,176627.88888889,225176.0,162757.0,176627.88888889,225176.0,2.0,2.0,2.0,2.0,2.0,2.0,2.0,2.0,2.0,2.0,2.0,2.0,2.0,2.0,2.0,2.0,2.0,2.0,59.0,54.8,58.06666666666667,59.0,54.8,58.06666666666667,59.0,54.8,58.06666666666667,59.0,54.8,58.06666666666667,59.0,58.06666666666667,28.34,25.35,27.67555555555556,28.34,25.35,27.67555555555556,28.34,25.35,27.67555555555556,28.34,25.35,27.67555555555556,28.34,25.35,27.67555555555556,16.23,14.55,14.92333333333333,16.23,14.55,14.92333333333333,16.23,14.55,14.92333333333333,16.23,14.55,14.92333333333333,16.23,14.55,14.92333333333333,2.0,1.17,1.336,2.0,1.17,1.35444444444444,2.0,1.35444444444444,10435450.0,10435450.0,10435450.0,9133000.0,9133000.0,9133000.0,9133000.0,9133000.0,9133000.0
2022-04-01,5393,0,1.0,1.0,1.0,1.0,1.0,1.0,1.0,1.0,1.0,26.01,24.52,25.265,24.52,25.265,24.52,25.265,11.88,12.87,13.86,11.88,12.87,13.86,11.88,12.87,5.02,5.12,5.22,5.02,5.12,5.22,5.02,5.12,1.2,0.81,1.005,1.2,0.81,1.005,1.2,0.81,1.005,195205.0,190885.0,193045.0,195205.0,190885.0,193045.0,195205.0,190885.0,193045.0,195205.0,1.0,1.0,1.0,1.0,1.0,1.0,1.0,1.0,1.0,1.0,1.0,1.0,1.0,1.0,1.0,1.0,1.0,1.0,26.01,24.52,25.265,26.01,24.52,25.265,26.01,24.52,25.265,26.01,24.52,25.265,26.01,25.265,13.86,11.88,12.87,13.86,11.88,12.87,13.86,11.88,12.87,13.86,11.88,12.87,13.86,11.88,12.87,5.22,5.02,5.12,5.22,5.02,5.12,5.22,5.02,5.12,5.22,5.02,5.12,5.22,5.02,5.12,1.2,0.81,1.005,1.2,0.81,1.005,1.2,1.005,2765119.0,2765119.0,2765119.0,3000000.0,3000000.0,3000000.0,3000000.0,3000000.0,3000000.0
2022-07-01,5465,1,1.0,1.0,1.0,1.0,1.0,1.0,1.0,1.0,1.0,22.35,22.35,22.35,22.35,22.35,22.35,22.35,9.97,9.97,9.97,9.97,9.97,9.97,9.97,9.97,5.05,5.05,5.05,5.05,5.05,5.05,5.05,5.05,1.29,1.29,1.29,1.29,1.29,1.29,1.29,1.29,1.29,200226.0,200226.0,200226.0,200226.0,200226.0,200226.0,200226.0,200226.0,200226.0,200226.0,1.0,1.0,1.0,1.0,1.0,1.0,1.0,1.0,1.0,1.0,1.0,1.0,1.0,1.0,1.0,1.0,1.0,1.0,22.35,22.35,22.35,22.35,22.35,22.35,22.35,22.35,22.35,22.35,22.35,22.35,22.35,22.35,9.97,9.97,9.97,9.97,9.97,9.97,9.97,9.97,9.97,9.97,9.97,9.97,9.97,9.97,9.97,5.05,5.05,5.05,5.05,5.05,5.05,5.05,5.05,5.05,5.05,5.05,5.05,5.05,5.05,5.05,1.29,1.29,1.29,1.29,1.29,1.29,1.29,1.29,4455700.0,4455700.0,4455700.0,4365216.0,4365216.0,4365216.0,4365216.0,4365216.0,4365216.0
2022-06-01,5538,0,1.0,1.0,1.0,1.0,1.0,1.0,1.0,1.0,1.0,21.83,21.83,21.83,21.83,21.83,21.83,21.83,11.18,11.18,11.18,11.18,11.18,11.18,11.18,11.18,4.04,4.04,4.04,4.04,4.04,4.04,4.04,4.04,0.88,0.88,0.88,0.88,0.88,0.88,0.88,0.88,0.88,227068.0,227068.0,227068.0,227068.0,227068.0,227068.0,227068.0,227068.0,227068.0,227068.0,1.0,1.0,1.0,1.0,1.0,1.0,1.0,1.0,1.0,1.0,1.0,1.0,1.0,1.0,1.0,1.0,1.0,1.0,21.83,21.83,21.83,21.83,21.83,21.83,21.83,21.83,21.83,21.83,21.83,21.83,21.83,21.83,11.18,11.18,11.18,11.18,11.18,11.18,11.18,11.18,11.18,11.18,11.18,11.18,11.18,11.18,11.18,4.04,4.04,4.04,4.04,4.04,4.04,4.04,4.04,4.04,4.04,4.04,4.04,4.04,4.04,4.04,0.88,0.88,0.88,0.88,0.88,0.88,0.88,0.88,4493000.0,4493000.0,4493000.0,4375302.0,4375302.0,4375302.0,4375302.0,4375302.0,4375302.0
2022-09-01,5545,0,1.0,1.0,1.0,1.0,1.0,1.0,1.0,1.0,1.0,38.48,38.48,38.48,38.48,38.48,38.48,38.48,12.71,12.71,12.71,12.71,12.71,12.71,12.71,12.71,16.09,16.09,16.09,16.09,16.09,16.09,16.09,16.09,1.43,1.43,1.43,1.43,1.43,1.43,1.43,1.43,1.43,172957.0,172957.0,172957.0,172957.0,172957.0,172957.0,172957.0,172957.0,172957.0,172957.0,1.0,1.0,1.0,1.0,1.0,1.0,1.0,1.0,1.0,1.0,1.0,1.0,1.0,1.0,1.0,1.0,1.0,1.0,38.48,38.48,38.48,38.48,38.48,38.48,38.48,38.48,38.48,38.48,38.48,38.48,38.48,38.48,12.71,12.71,12.71,12.71,12.71,12.71,12.71,12.71,12.71,12.71,12.71,12.71,12.71,12.71,12.71,16.09,16.09,16.09,16.09,16.09,16.09,16.09,16.09,16.09,16.09,16.09,16.09,16.09,16.09,16.09,1.43,1.43,1.43,1.43,1.43,1.43,1.43,1.43,7159550.0,7159550.0,7159550.0,6607538.0,6607538.0,6607538.0,6607538.0,6607538.0,6607538.0
2022-08-01,5588,1,2.0,2.0,2.0,2.0,2.0,2.0,2.0,2.0,2.0,59.18,59.18,59.18,59.18,59.18,59.18,59.18,29.25,29.25,29.25,29.25,29.25,29.25,29.25,29.25,13.31,13.31,13.31,13.31,13.31,13.31,13.31,13.31,2.09,2.09,2.09,2.09,2.09,2.09,2.09,2.09,2.09,152322.0,152322.0,152322.0,152322.0,152322.0,152322.0,152322.0,152322.0,152322.0,152322.0,2.0,2.0,2.0,2.0,2.0,2.0,2.0,2.0,2.0,2.0,2.0,2.0,2.0,2.0,2.0,2.0,2.0,2.0,59.18,59.18,59.18,59.18,59.18,59.18,59.18,59.18,59.18,59.18,59.18,59.18,59.18,59.18,29.25,29.25,29.25,29.25,29.25,29.25,29.25,29.25,29.25,29.25,29.25,29.25,29.25,29.25,29.25,13.31,13.31,13.31,13.31,13.31,13.31,13.31,13.31,13.31,13.31,13.31,13.31,13.31,13.31,13.31,2.09,2.09,2.09,2.09,2.09,2.09,2.09,2.09,4530567.0,4530567.0,4530567.0,3528219.0,3528219.0,3528219.0,3528219.0,3528219.0,3528219.0
2022-09-01,5588,1,2.0,2.0,2.0,2.0,2.0,2.0,2.0,2.0,2.0,59.18,59.18,59.18,59.18,59.18,59.18,59.18,29.25,29.25,29.25,29.25,29.25,29.25,29.25,29.25,13.31,13.31,13.31,13.31,13.31,13.31,13.31,13.31,2.09,2.09,2.09,2.09,2.09,2.09,2.09,2.09,2.09,152322.0,152322.0,152322.0,152322.0,152322.0,152322.0,152322.0,152322.0,152322.0,152322.0,2.0,2.0,2.0,2.0,2.0,2.0,2.0,2.0,2.0,2.0,2.0,2.0,2.0,2.0,2.0,2.0,2.0,2.0,59.18,59.18,59.18,59.18,59.18,59.18,59.18,59.18,59.18,59.18,59.18,59.18,59.18,59.18,29.25,29.25,29.25,29.25,29.25,29.25,29.25,29.25,29.25,29.25,29.25,29.25,29.25,29.25,29.25,13.31,13.31,13.31,13.31,13.31,13.31,13.31,13.31,13.31,13.31,13.31,13.31,13.31,13.31,13.31,2.09,2.09,2.09,2.09,2.09,2.09,2.09,2.09,4530567.0,4530567.0,4530567.0,3528219.0,3528219.0,3528219.0,3528219.0,3528219.0,3528219.0
2022-09-01,5676,1,2.0,2.0,2.0,2.0,2.0,2.0,2.0,2.0,2.0,60.42,60.42,60.42,53.48,56.95,53.48,56.95,25.07,26.05,27.03,25.07,26.05,27.03,25.07,26.05,14.93,15.42,15.91,14.93,15.42,15.91,14.93,15.42,1.89,1.83,1.86,1.89,1.83,1.86,1.89,1.83,1.86,161594.0,161594.0,161594.0,161594.0,161594.0,161594.0,161594.0,161594.0,161594.0,161594.0,2.0,2.0,2.0,2.0,2.0,2.0,2.0,2.0,2.0,2.0,2.0,2.0,2.0,2.0,2.0,2.0,2.0,2.0,60.42,60.42,60.42,60.42,60.42,60.42,60.42,53.48,57.644,60.42,53.48,57.644,60.42,52.58545454545455,27.03,27.03,27.03,27.03,27.03,27.03,27.03,25.07,26.246,27.03,25.07,26.246,27.03,23.98,25.42454545454546,14.93,14.93,14.93,14.93,14.93,14.93,15.91,14.93,15.322,15.91,14.93,15.322,15.91,10.0,13.03363636363636,1.83,1.83,1.83,1.83,1.83,1.83,1.83,1.83,9113815.1,9113815.1,9113815.1,9113815.0,9113815.0,9113815.0,9113815.0,9113815.0,9113815.0
2022-04-01,5697,0,1.0,1.0,1.0,1.0,1.0,1.0,1.0,1.0,1.0,40.78,40.78,40.78,40.78,40.78,40.78,40.78,16.06,16.06,16.06,16.06,16.06,16.06,16.06,16.06,13.32,13.32,13.32,13.32,13.32,13.32,13.32,13.32,2.63,2.63,2.63,2.63,2.63,2.63,2.63,2.63,2.63,174348.0,174348.0,174348.0,174348.0,174348.0,174348.0,174348.0,174348.0,174348.0,174348.0,1.0,1.0,1.0,1.0,1.0,1.0,1.0,1.0,1.0,1.0,1.0,1.0,1.0,1.0,1.0,1.0,1.0,1.0,40.78,40.78,40.78,40.78,40.78,40.78,40.78,40.78,40.78,40.78,40.78,40.78,40.78,40.78,16.06,16.06,16.06,16.06,16.06,16.06,16.06,16.06,16.06,16.06,16.06,16.06,16.06,16.06,16.06,13.32,13.32,13.32,13.32,13.32,13.32,13.32,13.32,13.32,13.32,13.32,13.32,13.32,13.32,13.32,2.63,2.63,2.63,2.63,2.63,2.63,2.63,2.63,3000000.0,3000000.0,3000000.0,2499000.0,2499000.0,2499000.0,2499000.0,2499000.0,2499000.0
2022-05-01,5790,0,1.0,1.0,1.0,1.0,1.0,1.0,1.0,1.0,1.0,31.04,31.04,31.04,31.04,31.04,31.04,31.04,12.49,12.49,12.49,12.49,12.49,12.49,12.49,12.49,9.97,9.97,9.97,9.97,9.97,9.97,9.97,9.97,0.9,0.9,0.9,0.9,0.9,0.9,0.9,0.9,0.9,178964.0,178964.0,178964.0,178964.0,178964.0,178964.0,178964.0,178964.0,178964.0,178964.0,1.0,1.0,1.0,1.0,1.0,1.0,1.0,1.0,1.0,1.0,1.0,1.0,1.0,1.0,1.0,1.0,1.0,1.0,31.04,31.04,31.04,31.04,31.04,31.04,31.04,31.04,31.04,31.04,31.04,31.04,31.04,31.04,12.49,12.49,12.49,12.49,12.49,12.49,12.49,12.49,12.49,12.49,12.49,12.49,12.49,12.49,12.49,9.97,9.97,9.97,9.97,9.97,9.97,9.97,9.97,9.97,9.97,9.97,9.97,9.97,9.97,9.97,0.9,0.9,0.9,0.9,0.9,0.9,0.9,0.9,4200000.0,4200000.0,4200000.0,4182699.4,4182699.4,4182699.4,4182699.4,4182699.4,4182699.4
2022-07-01,5958,0,1.0,1.0,1.0,1.0,1.0,1.0,1.0,1.0,1.0,22.1,22.1,22.1,22.1,22.1,22.1,22.1,9.03,9.03,9.03,9.03,9.03,9.03,9.03,9.03,5.05,5.05,5.05,5.05,5.05,5.05,5.05,5.05,1.41,1.41,1.41,1.41,1.41,1.41,1.41,1.41,1.41,221014.0,221014.0,221014.0,221014.0,221014.0,221014.0,221014.0,221014.0,221014.0,221014.0,1.0,1.0,1.0,1.0,1.0,1.0,1.0,1.0,1.0,1.0,1.0,1.0,1.0,1.0,1.0,1.0,1.0,1.0,22.1,22.1,22.1,22.1,22.1,22.1,22.1,22.1,22.1,22.1,22.1,22.1,22.1,22.1,9.03,9.03,9.03,9.03,9.03,9.03,9.03,9.03,9.03,9.03,9.03,9.03,9.03,9.03,9.03,5.05,5.05,5.05,5.05,5.05,5.05,5.05,5.05,5.05,5.05,5.05,5.05,5.05,5.05,5.05,1.41,1.41,1.41,1.41,1.41,1.41,1.41,1.41,7000000.0,7000000.0,7000000.0,4497163.0,4497163.0,4497163.0,4497163.0,4497163.0,4497163.0
2022-11-01,5983,0,2.0,2.0,2.0,2.0,2.0,2.0,2.0,2.0,2.0,52.19,52.19,52.19,52.19,52.19,52.19,52.19,24.84,24.84,24.84,24.84,24.84,24.84,24.84,24.84,10.54,10.54,10.54,10.54,10.54,10.54,10.54,10.54,1.14,1.14,1.14,1.14,1.14,1.14,1.14,1.14,1.14,184408.0,184408.0,184408.0,184408.0,184408.0,184408.0,184408.0,184408.0,184408.0,184408.0,2.0,2.0,2.0,2.0,2.0,2.0,2.0,2.0,2.0,2.0,2.0,2.0,2.0,2.0,2.0,2.0,2.0,2.0,52.19,52.19,52.19,52.19,52.19,52.19,52.19,52.19,52.19,52.19,52.19,52.19,52.19,52.19,24.84,24.84,24.84,24.84,24.84,24.84,24.84,24.84,24.84,24.84,24.84,24.84,24.84,24.84,24.84,10.54,10.54,10.54,10.54,10.54,10.54,10.54,10.54,10.54,10.54,10.54,10.54,10.54,10.54,10.54,1.14,1.14,1.14,1.14,1.14,1.14,1.14,1.14,10200000.0,10200000.0,10200000.0,10008000.0,10008000.0,10008000.0,10008000.0,10008000.0,10008000.0
2022-06-01,6040,0,1.0,1.0,1.0,1.0,1.0,1.0,1.0,1.0,1.0,21.71,21.71,21.71,21.71,21.71,21.71,21.71,10.06,10.06,10.06,10.06,10.06,10.06,10.06,10.06,5.0,5.0,5.0,5.0,5.0,5.0,5.0,5.0,1.39,1.39,1.39,1.39,1.39,1.39,1.39,1.39,1.39,191818.0,191818.0,191818.0,191818.0,191818.0,191818.0,191818.0,191818.0,191818.0,191818.0,1.0,1.0,1.0,1.0,1.0,1.0,1.0,1.0,1.0,1.0,1.0,1.0,1.0,1.0,1.0,1.0,1.0,1.0,21.71,21.71,21.71,21.71,21.71,21.71,21.71,21.71,21.71,21.71,21.71,21.71,21.71,21.71,10.06,10.06,10.06,10.06,10.06,10.06,10.06,10.06,10.06,10.06,10.06,10.06,10.06,10.06,10.06,5.0,5.0,5.0,5.0,5.0,5.0,5.0,5.0,5.0,5.0,5.0,5.0,5.0,5.0,5.0,1.39,1.39,1.39,1.39,1.39,1.39,1.39,1.39,4103000.0,4103000.0,4103000.0,4053000.0,4053000.0,4053000.0,4053000.0,4053000.0,4053000.0
2022-08-01,6097,0,1.0,1.0,1.0,1.0,1.0,1.0,1.0,1.0,1.0,21.55,21.43,21.47,21.43,21.47,21.43,21.47,9.94,9.98,10.06,9.94,9.98,10.06,9.94,9.98,5.0,5.0,5.0,5.0,5.0,5.0,5.0,5.0,1.39,1.39,1.39,1.39,1.39,1.39,1.39,1.39,1.39,204701.0,204701.0,204701.0,204701.0,204701.0,204701.0,204701.0,204701.0,204701.0,204701.0,1.0,1.0,1.0,1.0,1.0,1.0,1.0,1.0,1.0,1.0,1.0,1.0,1.0,1.0,1.0,1.0,1.0,1.0,21.43,21.43,21.43,21.43,21.43,21.43,21.43,21.43,21.43,21.43,21.43,21.43,21.43,21.43,9.94,9.94,9.94,9.94,9.94,9.94,9.94,9.94,9.94,9.94,9.94,9.94,9.94,9.94,9.94,5.0,5.0,5.0,5.0,5.0,5.0,5.0,5.0,5.0,5.0,5.0,5.0,5.0,5.0,5.0,1.39,1.39,1.39,1.39,1.39,1.39,1.39,1.39,5390000.0,5390000.0,5390000.0,5324000.0,5324000.0,5324000.0,5324000.0,5324000.0,5324000.0
2022-07-01,6157,0,2.0,1.0,1.25,2.0,1.0,1.25,2.0,1.0,1.25,57.37,35.55,42.54,35.55,42.54,35.55,42.54,12.52,18.265,30.09,12.52,18.265,30.09,12.52,18.265,9.38,11.3725,15.05,9.38,11.3725,15.05,9.38,11.3725,2.73,1.4,1.93,2.73,1.4,1.93,2.73,1.4,1.93,275217.0,275217.0,275217.0,275217.0,215178.0,247106.55555556,275217.0,215178.0,247106.55555556,275217.0,1.0,1.0,1.0,1.0,1.0,1.0,1.0,1.0,1.0,1.0,1.0,1.0,1.0,1.0,1.0,1.0,1.0,1.0,40.89,35.55,37.09222222222222,40.89,35.55,37.09222222222222,40.89,35.55,37.09222222222222,40.89,35.55,37.09222222222222,40.89,37.09222222222222,15.55,12.52,14.66,15.55,12.52,14.66,15.55,12.52,14.66,15.55,12.52,14.66,15.55,12.52,14.66,15.05,9.38,10.72666666666667,15.05,9.38,10.72666666666667,15.05,9.38,10.72666666666667,15.05,9.38,10.72666666666667,15.05,9.38,10.72666666666667,1.53,1.53,1.53,2.73,1.4,1.73888888888889,2.73,1.73888888888889,9148040.0,9148040.0,9148040.0,8514000.0,8514000.0,8514000.0,8514000.0,8514000.0,8514000.0
2022-12-01,6251,0,1.0,1.0,1.0,1.0,1.0,1.0,1.0,1.0,1.0,26.09,26.09,26.09,26.09,26.09,26.09,26.09,13.38,13.38,13.38,13.38,13.38,13.38,13.38,13.38,5.0,5.0,5.0,5.0,5.0,5.0,5.0,5.0,1.37,1.37,1.37,1.37,1.37,1.37,1.37,1.37,1.37,206164.0,206164.0,206164.0,206164.0,206164.0,206164.0,206164.0,206164.0,206164.0,206164.0,1.0,1.0,1.0,1.0,1.0,1.0,1.0,1.0,1.0,1.0,1.0,1.0,1.0,1.0,1.0,1.0,1.0,1.0,26.09,26.09,26.09,26.09,26.09,26.09,26.09,26.09,26.09,26.09,26.09,26.09,26.09,26.09,13.38,13.38,13.38,13.38,13.38,13.38,13.38,13.38,13.38,13.38,13.38,13.38,13.38,13.38,13.38,5.0,5.0,5.0,5.0,5.0,5.0,5.0,5.0,5.0,5.0,5.0,5.0,5.0,5.0,5.0,1.37,1.37,1.37,1.37,1.37,1.37,1.37,1.37,5133126.0,5133126.0,5133126.0,5133126.0,5133126.0,5133126.0,5133126.0,5133126.0,5133126.0
2022-07-01,6312,1,2.0,2.0,2.0,2.0,2.0,2.0,2.0,2.0,2.0,49.07,49.07,49.07,49.07,49.07,49.07,49.07,25.07,25.07,25.07,25.07,25.07,25.07,25.07,25.07,10.29,10.29,10.29,10.29,10.29,10.29,10.29,10.29,1.67,1.67,1.67,1.67,1.67,1.67,1.67,1.67,1.67,166611.0,166611.0,166611.0,166611.0,166611.0,166611.0,166611.0,166611.0,166611.0,166611.0,2.0,2.0,2.0,2.0,2.0,2.0,2.0,2.0,2.0,2.0,2.0,2.0,2.0,2.0,2.0,2.0,2.0,2.0,49.07,49.07,49.07,49.07,49.07,49.07,49.07,49.07,49.07,49.07,49.07,49.07,49.07,49.07,25.07,25.07,25.07,25.07,25.07,25.07,25.07,25.07,25.07,25.07,25.07,25.07,25.07,25.07,25.07,10.29,10.29,10.29,10.29,10.29,10.29,10.29,10.29,10.29,10.29,10.29,10.29,10.29,10.29,10.29,1.67,1.67,1.67,1.67,1.67,1.67,1.67,1.67,7811029.0,7811029.0,7811029.0,7811000.0,7811000.0,7811000.0,7811000.0,7811000.0,7811000.0
2022-04-01,6341,0,2.0,2.0,2.0,2.0,2.0,2.0,2.0,2.0,2.0,48.84,47.46,47.98666666666667,47.46,47.98666666666667,47.46,47.98666666666667,24.86,24.95666666666667,25.07,24.86,24.95666666666667,25.07,24.86,24.95666666666667,10.24,10.25666666666667,10.29,10.24,10.25666666666667,10.29,10.24,10.25666666666667,1.67,1.67,1.67,1.67,1.67,1.67,1.67,1.67,1.67,160297.0,160297.0,160297.0,160297.0,160297.0,160297.0,160297.0,160297.0,160297.0,160297.0,2.0,2.0,2.0,2.0,2.0,2.0,2.0,2.0,2.0,2.0,2.0,2.0,2.0,2.0,2.0,2.0,2.0,2.0,48.84,48.84,48.84,48.84,48.84,48.84,48.84,48.84,48.84,48.84,48.84,48.84,48.84,48.84,24.86,24.86,24.86,24.86,24.86,24.86,24.86,24.86,24.86,24.86,24.86,24.86,24.86,24.86,24.86,10.24,10.24,10.24,10.24,10.24,10.24,10.24,10.24,10.24,10.24,10.24,10.24,10.24,10.24,10.24,1.67,1.67,1.67,1.67,1.67,1.67,1.67,1.67,7054000.0,7054000.0,7054000.0,6933039.81,6933039.81,6933039.81,6933039.81,6933039.81,6933039.81
2022-07-01,6388,0,1.0,1.0,1.0,1.0,1.0,1.0,1.0,1.0,1.0,37.35,32.25,34.8,32.25,34.8,32.25,34.8,10.71,11.38,12.05,10.71,11.38,12.05,10.71,11.38,10.35,13.71,17.07,10.35,13.71,17.07,10.35,13.71,1.3,0.0,0.65,1.3,0.0,0.65,1.3,0.0,0.65,184105.0,184105.0,184105.0,184105.0,184105.0,184105.0,184105.0,184105.0,184105.0,184105.0,1.0,1.0,1.0,1.0,1.0,1.0,1.0,1.0,1.0,1.0,1.0,1.0,1.0,1.0,1.0,1.0,1.0,1.0,32.25,32.25,32.25,32.25,32.25,32.25,32.25,32.25,32.25,32.25,32.25,32.25,32.25,32.25,12.05,12.05,12.05,12.05,12.05,12.05,12.05,12.05,12.05,12.05,12.05,12.05,12.05,12.05,12.05,10.35,10.35,10.35,10.35,10.35,10.35,10.35,10.35,10.35,10.35,10.35,10.35,10.35,10.35,10.35,1.3,1.3,1.3,1.3,1.3,1.3,1.3,1.3,5692493.0,5692493.0,5692493.0,5402000.0,5402000.0,5402000.0,5402000.0,5402000.0,5402000.0
2022-07-01,6398,0,2.0,2.0,2.0,2.0,2.0,2.0,2.0,2.0,2.0,58.65,58.65,58.65,58.65,58.65,58.65,58.65,29.22,29.22,29.22,29.22,29.22,29.22,29.22,29.22,13.25,13.25,13.25,13.25,13.25,13.25,13.25,13.25,2.09,2.09,2.09,2.09,2.09,2.09,2.09,2.09,2.09,155857.0,155857.0,155857.0,155857.0,155857.0,155857.0,155857.0,155857.0,155857.0,155857.0,2.0,2.0,2.0,2.0,2.0,2.0,2.0,2.0,2.0,2.0,2.0,2.0,2.0,2.0,2.0,2.0,2.0,2.0,58.65,58.65,58.65,58.65,58.65,58.65,58.65,58.65,58.65,58.65,58.65,58.65,58.65,58.65,29.22,29.22,29.22,29.22,29.22,29.22,29.22,29.22,29.22,29.22,29.22,29.22,29.22,29.22,29.22,13.25,13.25,13.25,13.25,13.25,13.25,13.25,13.25,13.25,13.25,13.25,13.25,13.25,13.25,13.25,2.09,2.09,2.09,2.09,2.09,2.09,2.09,2.09,8701450.0,8701450.0,8701450.0,8548577.0,8548577.0,8548577.0,8548577.0,8548577.0,8548577.0
2022-11-01,6521,0,4.0,4.0,4.0,4.0,4.0,4.0,4.0,4.0,4.0,94.03,94.03,94.03,94.03,94.03,94.03,94.03,59.02,59.02,59.02,59.02,59.02,59.02,59.02,59.02,12.16,12.16,12.16,12.16,12.16,12.16,12.16,12.16,1.1,1.1,1.1,1.1,1.1,1.1,1.1,1.1,1.1,171477.0,171477.0,171477.0,171477.0,171477.0,171477.0,171477.0,171477.0,171477.0,171477.0,4.0,4.0,4.0,4.0,4.0,4.0,4.0,4.0,4.0,4.0,4.0,4.0,4.0,4.0,4.0,4.0,4.0,4.0,94.03,94.03,94.03,94.03,94.03,94.03,94.03,94.03,94.03,94.03,94.03,94.03,94.03,94.03,59.02,59.02,59.02,59.02,59.02,59.02,59.02,59.02,59.02,59.02,59.02,59.02,59.02,59.02,59.02,12.16,12.16,12.16,12.16,12.16,12.16,12.16,12.16,12.16,12.16,12.16,12.16,12.16,12.16,12.16,1.1,1.1,1.1,1.1,1.1,1.1,1.1,1.1,15200000.0,15200000.0,15200000.0,15145000.0,15145000.0,15145000.0,15145000.0,15145000.0,15145000.0
2022-07-01,6700,0,1.0,1.0,1.0,1.0,1.0,1.0,1.0,1.0,1.0,28.4,28.4,28.4,28.4,28.4,28.4,28.4,12.97,12.97,12.97,12.97,12.97,12.97,12.97,12.97,5.0,5.0,5.0,5.0,5.0,5.0,5.0,5.0,1.83,1.83,1.83,1.83,1.83,1.83,1.83,1.83,1.83,298395.0,298395.0,298395.0,298395.0,298395.0,298395.0,298395.0,298395.0,298395.0,298395.0,1.0,1.0,1.0,1.0,1.0,1.0,1.0,1.0,1.0,1.0,1.0,1.0,1.0,1.0,1.0,1.0,1.0,1.0,28.4,28.4,28.4,28.4,28.4,28.4,28.4,28.4,28.4,28.4,28.4,28.4,28.4,28.4,12.97,12.97,12.97,12.97,12.97,12.97,12.97,12.97,12.97,12.97,12.97,12.97,12.97,12.97,12.97,5.0,5.0,5.0,5.0,5.0,5.0,5.0,5.0,5.0,5.0,5.0,5.0,5.0,5.0,5.0,1.83,1.83,1.83,1.83,1.83,1.83,1.83,1.83,7947500.0,7947500.0,7947500.0,7910000.0,7910000.0,7910000.0,7910000.0,7910000.0,7910000.0
2022-08-01,6905,0,1.0,1.0,1.0,1.0,1.0,1.0,1.0,1.0,1.0,22.2,22.2,22.2,22.2,22.2,22.2,22.2,9.92,9.92,9.92,9.92,9.92,9.92,9.92,9.92,4.98,4.98,4.98,4.98,4.98,4.98,4.98,4.98,1.29,1.29,1.29,1.29,1.29,1.29,1.29,1.29,1.29,202500.0,202500.0,202500.0,202500.0,202500.0,202500.0,202500.0,202500.0,202500.0,202500.0,1.0,1.0,1.0,1.0,1.0,1.0,1.0,1.0,1.0,1.0,1.0,1.0,1.0,1.0,1.0,1.0,1.0,1.0,22.2,22.2,22.2,22.2,22.2,22.2,22.2,22.2,22.2,22.2,22.2,22.2,22.2,22.2,9.92,9.92,9.92,9.92,9.92,9.92,9.92,9.92,9.92,9.92,9.92,9.92,9.92,9.92,9.92,4.98,4.98,4.98,4.98,4.98,4.98,4.98,4.98,4.98,4.98,4.98,4.98,4.98,4.98,4.98,1.29,1.29,1.29,1.29,1.29,1.29,1.29,1.29,5500000.0,5500000.0,5500000.0,5404866.97,5404866.97,5404866.97,5404866.97,5404866.97,5404866.97
2023-01-01,7012,0,1.0,1.0,1.0,1.0,1.0,1.0,1.0,1.0,1.0,27.27,21.62,23.29,21.62,23.15,21.62,23.15,9.0,10.523,14.82,9.0,10.46636363636364,14.82,9.0,10.46636363636364,4.93,5.028,5.29,4.93,5.03454545454546,5.29,4.93,5.03454545454546,1.6,1.1,1.357,1.6,1.1,1.34272727272727,1.6,1.1,1.34272727272727,253325.0,202316.0,235664.5,253325.0,202316.0,241313.1,253325.0,202316.0,241313.1,253325.0,1.0,1.0,1.0,1.0,1.0,1.0,1.0,1.0,1.0,1.0,1.0,1.0,1.0,1.0,1.0,1.0,1.0,1.0,21.98,21.62,21.79,21.98,21.62,21.79,21.98,21.62,21.79,21.98,21.62,21.78076923076923,21.98,21.78076923076923,9.9,9.0,9.32,9.9,9.0,9.32,9.9,9.0,9.32,9.9,9.0,9.45384615384615,9.9,9.0,9.45384615384615,5.1,5.02,5.04,5.1,5.02,5.04,5.1,5.02,5.04,5.1,5.02,5.05384615384615,5.1,5.02,5.05384615384615,1.41,1.2,1.34,1.41,1.1,1.244,1.41,1.244,5559000.0,5323736.5,5559000.0,1376000.0,1376000.0,1376000.0,1376000.0,1376000.0,1376000.0
2022-09-01,7188,0,1.0,1.0,1.0,1.0,1.0,1.0,1.0,1.0,1.0,41.11,41.11,41.11,41.11,41.11,41.11,41.11,13.72,13.72,13.72,13.72,13.72,13.72,13.72,13.72,16.01,16.01,16.01,16.01,16.01,16.01,16.01,16.01,1.83,1.83,1.83,1.83,1.83,1.83,1.83,1.83,1.83,166378.0,166378.0,166378.0,166378.0,166378.0,166378.0,166378.0,166378.0,166378.0,166378.0,1.0,1.0,1.0,1.0,1.0,1.0,1.0,1.0,1.0,1.0,1.0,1.0,1.0,1.0,1.0,1.0,1.0,1.0,41.11,41.11,41.11,41.11,41.11,41.11,41.11,41.11,41.11,41.11,41.11,41.11,41.11,41.11,13.72,13.72,13.72,13.72,13.72,13.72,13.72,13.72,13.72,13.72,13.72,13.72,13.72,13.72,13.72,16.01,16.01,16.01,16.01,16.01,16.01,16.01,16.01,16.01,16.01,16.01,16.01,16.01,16.01,16.01,1.83,1.83,1.83,1.83,1.83,1.83,1.83,1.83,5904000.0,5904000.0,5904000.0,5785000.0,5785000.0,5785000.0,5785000.0,5785000.0,5785000.0
2022-09-01,7417,0,1.0,1.0,1.0,1.0,1.0,1.0,1.0,1.0,1.0,21.91,21.91,21.91,21.91,21.91,21.91,21.91,9.47,9.47,9.47,9.47,9.47,9.47,9.47,9.47,5.06,5.06,5.06,5.06,5.06,5.06,5.06,5.06,1.1,1.1,1.1,1.1,1.1,1.1,1.1,1.1,1.1,240732.0,240732.0,240732.0,240732.0,240732.0,240732.0,240732.0,240732.0,240732.0,240732.0,1.0,1.0,1.0,1.0,1.0,1.0,1.0,1.0,1.0,1.0,1.0,1.0,1.0,1.0,1.0,1.0,1.0,1.0,21.91,21.91,21.91,21.91,21.91,21.91,21.91,21.91,21.91,21.91,21.91,21.91,21.91,21.91,9.47,9.47,9.47,9.47,9.47,9.47,9.47,9.47,9.47,9.47,9.47,9.47,9.47,9.47,9.47,5.06,5.06,5.06,5.06,5.06,5.06,5.06,5.06,5.06,5.06,5.06,5.06,5.06,5.06,5.06,1.1,1.1,1.1,1.1,1.1,1.1,1.1,1.1,5590836.0,5590836.0,5590836.0,5525000.0,5525000.0,5525000.0,5525000.0,5525000.0,5525000.0
2022-07-01,7477,0,1.0,1.0,1.0,1.0,1.0,1.0,1.0,1.0,1.0,34.94,34.94,34.94,34.94,34.94,34.94,34.94,14.07,14.07,14.07,14.07,14.07,14.07,14.07,14.07,9.65,9.65,9.65,9.65,9.65,9.65,9.65,9.65,1.54,1.54,1.54,1.54,1.54,1.54,1.54,1.54,1.54,206281.0,206281.0,206281.0,206281.0,206281.0,206281.0,206281.0,206281.0,206281.0,206281.0,1.0,1.0,1.0,1.0,1.0,1.0,1.0,1.0,1.0,1.0,1.0,1.0,1.0,1.0,1.0,1.0,1.0,1.0,34.94,34.94,34.94,34.94,34.94,34.94,34.94,34.94,34.94,34.94,34.94,34.94,34.94,34.94,14.07,14.07,14.07,14.07,14.07,14.07,14.07,14.07,14.07,14.07,14.07,14.07,14.07,14.07,14.07,9.65,9.65,9.65,9.65,9.65,9.65,9.65,9.65,9.65,9.65,9.65,9.65,9.65,9.65,9.65,1.54,1.54,1.54,1.54,1.54,1.54,1.54,1.54,6653000.0,6653000.0,6653000.0,6653069.0,6653069.0,6653069.0,6653069.0,6653069.0,6653069.0
2022-07-01,7546,1,1.0,1.0,1.0,1.0,1.0,1.0,1.0,1.0,1.0,25.01,25.01,25.01,25.01,25.01,25.01,25.01,12.21,12.21,12.21,12.21,12.21,12.21,12.21,12.21,5.0,5.0,5.0,5.0,5.0,5.0,5.0,5.0,1.2,1.2,1.2,1.2,1.2,1.2,1.2,1.2,1.2,294092.0,294092.0,294092.0,294092.0,294092.0,294092.0,294092.0,294092.0,294092.0,294092.0,1.0,1.0,1.0,1.0,1.0,1.0,1.0,1.0,1.0,1.0,1.0,1.0,1.0,1.0,1.0,1.0,1.0,1.0,25.01,25.01,25.01,25.01,25.01,25.01,25.01,25.01,25.01,25.01,25.01,25.01,25.01,25.01,12.21,12.21,12.21,12.21,12.21,12.21,12.21,12.21,12.21,12.21,12.21,12.21,12.21,12.21,12.21,5.0,5.0,5.0,5.0,5.0,5.0,5.0,5.0,5.0,5.0,5.0,5.0,5.0,5.0,5.0,1.2,1.2,1.2,1.2,1.2,1.2,1.2,1.2,4600000.0,4600000.0,4600000.0,4498967.36,4498967.36,4498967.36,4498967.36,4498967.36,4498967.36
2022-07-01,7613,0,1.0,1.0,1.0,1.0,1.0,1.0,1.0,1.0,1.0,36.8,36.8,36.8,36.8,36.8,36.8,36.8,14.3,14.3,14.3,14.3,14.3,14.3,14.3,14.3,11.1,11.1,11.1,11.1,11.1,11.1,11.1,11.1,1.95,1.95,1.95,1.95,1.95,1.95,1.95,1.95,1.95,265570.0,265570.0,265570.0,265570.0,265570.0,265570.0,265570.0,265570.0,265570.0,265570.0,1.0,1.0,1.0,1.0,1.0,1.0,1.0,1.0,1.0,1.0,1.0,1.0,1.0,1.0,1.0,1.0,1.0,1.0,36.8,36.8,36.8,36.8,36.8,36.8,36.8,36.8,36.8,36.8,36.8,36.8,36.8,36.8,14.3,14.3,14.3,14.3,14.3,14.3,14.3,14.3,14.3,14.3,14.3,14.3,14.3,14.3,14.3,11.1,11.1,11.1,11.1,11.1,11.1,11.1,11.1,11.1,11.1,11.1,11.1,11.1,11.1,11.1,1.95,1.95,1.95,1.95,1.95,1.95,1.95,1.95,9128405.0,9128405.0,9128405.0,8990656.0,8990656.0,8990656.0,8990656.0,8990656.0,8990656.0
2022-05-01,7652,1,3.0,3.0,3.0,3.0,3.0,3.0,3.0,3.0,3.0,78.85,78.85,78.85,78.85,78.85,78.85,78.85,39.92,39.92,39.92,39.92,39.92,39.92,39.92,39.92,16.97,16.97,16.97,16.97,16.97,16.97,16.97,16.97,4.13,4.13,4.13,4.13,4.13,4.13,4.13,4.13,4.13,190954.0,190954.0,190954.0,190954.0,190954.0,190954.0,190954.0,190954.0,190954.0,190954.0,3.0,3.0,3.0,3.0,3.0,3.0,3.0,3.0,3.0,3.0,3.0,3.0,3.0,3.0,3.0,3.0,3.0,3.0,78.85,78.85,78.85,78.85,78.85,78.85,78.85,78.85,78.85,78.85,78.85,78.85,78.85,78.85,39.92,39.92,39.92,39.92,39.92,39.92,39.92,39.92,39.92,39.92,39.92,39.92,39.92,39.92,39.92,16.97,16.97,16.97,16.97,16.97,16.97,16.97,16.97,16.97,16.97,16.97,16.97,16.97,16.97,16.97,4.13,4.13,4.13,4.13,4.13,4.13,4.13,4.13,12000000.0,12000000.0,12000000.0,12000000.0,12000000.0,12000000.0,12000000.0,12000000.0,12000000.0
2022-09-01,8122,0,1.0,1.0,1.0,1.0,1.0,1.0,1.0,1.0,1.0,35.25,35.25,35.25,35.25,35.25,35.25,35.25,14.3,14.3,14.3,14.3,14.3,14.3,14.3,14.3,11.0,11.0,11.0,11.0,11.0,11.0,11.0,11.0,2.2,2.2,2.2,2.2,2.2,2.2,2.2,2.2,2.2,270264.0,270264.0,270264.0,270264.0,270264.0,270264.0,270264.0,270264.0,270264.0,270264.0,1.0,1.0,1.0,1.0,1.0,1.0,1.0,1.0,1.0,1.0,1.0,1.0,1.0,1.0,1.0,1.0,1.0,1.0,35.25,35.25,35.25,35.25,35.25,35.25,35.25,35.25,35.25,35.25,35.25,35.25,35.25,35.25,14.3,14.3,14.3,14.3,14.3,14.3,14.3,14.3,14.3,14.3,14.3,14.3,14.3,14.3,14.3,11.0,11.0,11.0,11.0,11.0,11.0,11.0,11.0,11.0,11.0,11.0,11.0,11.0,11.0,11.0,2.2,2.2,2.2,2.2,2.2,2.2,2.2,2.2,8980022.0,8980022.0,8980022.0,9054822.72,9054822.72,9054822.72,9054822.72,9054822.72,9054822.72
